clinic_name,addr_street,addr_housenumber,addr_postcode,addr_city,full_address,district,district_id,neighborhood,neighborhood_id,lor_id,services_offered,operating_hours,operating_days,phone_main,email_main,website_main,phone_raw,contact_phone_raw,email_raw,contact_email_raw,website_raw,contact_website_raw,contact_info,accessibility_features,latitude,longitude,data_source,source_osm_id,geometry,has_minimum_info
Tierarztpraxis am Urban,Baerwaldstraße,69,10961.0,Berlin,"Baerwaldstraße 69, 10961 Berlin",Friedrichshain-Kreuzberg,11002002,Kreuzberg,202,re_ortsteil.0202,,"Mo-Sa 10:00-12:00, Mo 17:00-19:00, Tu,We,Fr 16:00-18:00, Th 17:00-19:00",Mon–Sat,,,,,,,,,,,wheelchair=no,52.4956842,13.4052329,"OSM amenity=veterinary, Berlin, snapshot 2025-12-09, via OSMNX","('node', 268917040)",POINT (13.4052329 52.4956842),True
Dr. med. vet. Elke Hartwig,Straße 48,67,13125.0,Berlin,"Straße 48 67, 13125 Berlin",Pankow,11003003,Karow,305,re_ortsteil.0305,,"Mo,Tu,Th,Fr 10:00-12:00, Mo-Fr 15:00-18:00",Mon–Fri,+49 30 9437820,,http://www.tierarztpraxis-hartwig.de/,+49 30 9437820,,,,http://www.tierarztpraxis-hartwig.de/,,Phone: +49 30 9437820 | Web: http://www.tierarztpraxis-hartwig.de/,wheelchair=limited,52.6062863,13.4795548,"OSM amenity=veterinary, Berlin, snapshot 2025-12-09, via OSMNX","('node', 299795048)",POINT (13.4795548 52.60628629999999),True
Tierarztpraxis Dr. Bernhard Sörensen,Königsberger Straße,36,12207.0,Berlin,"Königsberger Straße 36, 12207 Berlin",Steglitz-Zehlendorf,11006006,Lichterfelde,602,re_ortsteil.0602,,"Mo-Fr 09:00-20:00; Sa, Su 10:00-18:00",Mon–Fri,+49 30 7738321,,https://www.tierarztpraxis-soerensen.de/,+49 30 7738321,,,,https://www.tierarztpraxis-soerensen.de/,,Phone: +49 30 7738321 | Web: https://www.tierarztpraxis-soerensen.de/,wheelchair=yes,52.4297216,13.3201326,"OSM amenity=veterinary, Berlin, snapshot 2025-12-09, via OSMNX","('node', 347294456)",POINT (13.3201326 52.4297216),True
Tierarztpraxis Jeanette Koepsel,,,,,,Spandau,11005005,Siemensstadt,503,re_ortsteil.0503,,,Unknown,,,,,,,,,,,,52.5351995,13.2705734,"OSM amenity=veterinary, Berlin, snapshot 2025-12-09, via OSMNX","('node', 394867279)",POINT (13.2705734 52.5351995),True
Kleintierarztpraxis Berlin Kaulsdorf,Planitzstraße,19,12621.0,Berlin,"Planitzstraße 19, 12621 Berlin",Marzahn-Hellersdorf,11010010,Kaulsdorf,1003,re_ortsteil.1003,,"Mo-Fr 09:00-19:00 open ""tel. Terminvereinbarung erforderlich"", week 01-53/2 Sa 09:00-12:00 open ""tel. Terminvereinbarung erforderlich""; Dec 23-26 off; Dec 31-Jan 02 off; PH off",Mon–Fri,+49 30 53018585,info@tierarzt-kaulsdorf.de,https://www.tierarzt-kaulsdorf.de/,+49 30 53018585,,info@tierarzt-kaulsdorf.de,,https://www.tierarzt-kaulsdorf.de/,,Phone: +49 30 53018585 | Email: info@tierarzt-kaulsdorf.de | Web: https://www.tierarzt-kaulsdorf.de/,,52.5095114,13.5896353,"OSM amenity=veterinary, Berlin, snapshot 2025-12-09, via OSMNX","('node', 411550894)",POINT (13.5896353 52.50951139999999),True
Eva Klein,,,,,,Steglitz-Zehlendorf,11006006,Nikolassee,606,re_ortsteil.0606,,,Unknown,,,,,,,,,,,,52.4288173,13.1935291,"OSM amenity=veterinary, Berlin, snapshot 2025-12-09, via OSMNX","('node', 581887970)",POINT (13.1935291 52.4288173),True
Klein- und Heimtierklinik,Oertzenweg,19b,14163.0,Berlin,"Oertzenweg 19b, 14163 Berlin",Steglitz-Zehlendorf,11006006,Zehlendorf,604,re_ortsteil.0604,emergency,"Mo-Fr 09:00-13:00,14:00-16:00",Mon–Fri,,,https://www.vetmed.fu-berlin.de/einrichtungen/kliniken/we20/index.html,,,,,https://www.vetmed.fu-berlin.de/einrichtungen/kliniken/we20/index.html,,Web: https://www.vetmed.fu-berlin.de/einrichtungen/kliniken/we20/index.html,wheelchair=yes,52.4302981,13.2373596,"OSM amenity=veterinary, Berlin, snapshot 2025-12-09, via OSMNX","('node', 603392630)",POINT (13.2373596 52.4302981),True
Tierarztpraxis im Frauenviertel - Firchow,,,,,,Neukölln,11008008,Rudow,804,re_ortsteil.0804,,"Mo-Fr 10:00-12:00, Mo,Tu,Th 17:00-19:00, Fr 16:00-18:00",Mon–Fri,,,,,,,,,,,wheelchair=limited,52.4042597,13.5071658,"OSM amenity=veterinary, Berlin, snapshot 2025-12-09, via OSMNX","('node', 702363921)",POINT (13.5071658 52.4042597),True
Kleintierpraxis Kladow,Zingerleweg,29,14089.0,Berlin,"Zingerleweg 29, 14089 Berlin",Spandau,11005005,Kladow,506,re_ortsteil.0506,,,Unknown,+49 30 3653374,info@kleintierpraxis-kladow.de,http://www.kleintierpraxis-kladow.de,,+49 30 3653374,,info@kleintierpraxis-kladow.de,,http://www.kleintierpraxis-kladow.de,Phone: +49 30 3653374 | Email: info@kleintierpraxis-kladow.de | Web: http://www.kleintierpraxis-kladow.de,,52.4608878,13.121554,"OSM amenity=veterinary, Berlin, snapshot 2025-12-09, via OSMNX","('node', 703135335)",POINT (13.121554 52.4608878),True
Carsten Schiller,Schnellerstraße,97,12439.0,Berlin,"Schnellerstraße 97, 12439 Berlin",Treptow-Köpenick,11009009,Niederschöneweide,905,re_ortsteil.0905,,"Mo,Tu 10:00-12:00,15:00-18:00; We 15:00-18:00; Th;Fr 10:00-12:00,15:00-18:00",Unknown,,,,,,,,,,,"wheelchair=no | Eine Stufe, schmale Tür zum Behandlungsraum",52.4531078,13.5245669,"OSM amenity=veterinary, Berlin, snapshot 2025-12-09, via OSMNX","('node', 978560965)",POINT (13.5245669 52.4531078),True
Tierarztpraxis Dr. C. Lewandowski und Dr. S. Klug,,,,,,Neukölln,11008008,Buckow,803,re_ortsteil.0803,,,Unknown,,,https://www.lewandowski-klug.de/,,,,,https://www.lewandowski-klug.de/,,Web: https://www.lewandowski-klug.de/,wheelchair=no,52.4232758,13.4367554,"OSM amenity=veterinary, Berlin, snapshot 2025-12-09, via OSMNX","('node', 1003123264)",POINT (13.4367554 52.4232758),True
Gabriele C. Müller,Brunowstraße,39,13507.0,Berlin,"Brunowstraße 39, 13507 Berlin",Reinickendorf,11012012,Tegel,1202,re_ortsteil.1202,,"Mo,Tu,Th,Fr 10:00-12:00,17:00-19:00, We 17:00-18:00, Sa 12:00-13:00",Includes Saturday,+49304343116,,https://www.tieraerztin-berlin.com/,+49304343116,,,,https://www.tieraerztin-berlin.com/,,Phone: +49304343116 | Web: https://www.tieraerztin-berlin.com/,wheelchair=limited,52.5870846,13.2811455,"OSM amenity=veterinary, Berlin, snapshot 2025-12-09, via OSMNX","('node', 1069431810)",POINT (13.2811455 52.5870846),True
Tierarztpraxis Feuerbachstraße,Feuerbachstraße,68,12163.0,Berlin,"Feuerbachstraße 68, 12163 Berlin",Steglitz-Zehlendorf,11006006,Steglitz,601,re_ortsteil.0601,,Mo-Su 09:00-12:00; Mo-Fr 16:00-20:00,Mon–Sun,+49 30 855 40 50,,,+49 30 855 40 50,,,,,,Phone: +49 30 855 40 50,wheelchair=no,52.464411,13.3395319,"OSM amenity=veterinary, Berlin, snapshot 2025-12-09, via OSMNX","('node', 1139485719)",POINT (13.3395319 52.464411),True
Tierarztpraxis Kammbach,Schweizer Tal,55,13127.0,Berlin,"Schweizer Tal 55, 13127 Berlin",Pankow,11003003,Französisch Buchholz,310,re_ortsteil.0310,,,Unknown,+4930 47 48 12 20,,https://www.tierarztpraxis-kammbach.de/,+4930 47 48 12 20,,,,https://www.tierarztpraxis-kammbach.de/,,Phone: +4930 47 48 12 20 | Web: https://www.tierarztpraxis-kammbach.de/,wheelchair=yes,52.6074605,13.41982,"OSM amenity=veterinary, Berlin, snapshot 2025-12-09, via OSMNX","('node', 1158920335)",POINT (13.41982 52.60746049999999),True
Tierarztpraxis am Velodrom,Conrad-Blenkle-Straße,4,10407.0,Berlin,"Conrad-Blenkle-Straße 4, 10407 Berlin",Pankow,11003003,Prenzlauer Berg,301,re_ortsteil.0301,,"Mo,Th 12:00-19:00; Tu,Fr 09:00-15:00; We,Sa 09:00-12:00",Includes Saturday,+493042085005,,http://www.tierarztpraxis-am-velodrom.de/,,+493042085005,,,,http://www.tierarztpraxis-am-velodrom.de/,Phone: +493042085005 | Web: http://www.tierarztpraxis-am-velodrom.de/,wheelchair=limited,52.5281462,13.4501959,"OSM amenity=veterinary, Berlin, snapshot 2025-12-09, via OSMNX","('node', 1169112227)",POINT (13.4501959 52.5281462),True
Dipl.-vet.-med. Jörg Porada,,,,,,Mitte,11001001,Mitte,101,re_ortsteil.0101,,,Unknown,,,,,,,,,,,,52.5121271,13.4195273,"OSM amenity=veterinary, Berlin, snapshot 2025-12-09, via OSMNX","('node', 1244610778)",POINT (13.4195273 52.5121271),True
Tierarztpraxis,,,,,,Lichtenberg,11011011,Fennpfuhl,1111,re_ortsteil.1111,,"Mo,Tu,Th,Fr 09:30-11:00,16:30-19:00; We 17:00-20:00; Sa 10:00-12:00",Includes Saturday,,,,,,,,,,,wheelchair=yes,52.5290099,13.4684992,"OSM amenity=veterinary, Berlin, snapshot 2025-12-09, via OSMNX","('node', 1247761224)",POINT (13.4684992 52.5290099),True
Bella brazil waxing studio,,,,,,Reinickendorf,11012012,Wittenau,1209,re_ortsteil.1209,,,Unknown,,,,,,,,,,,,52.5958722,13.3349653,"OSM amenity=veterinary, Berlin, snapshot 2025-12-09, via OSMNX","('node', 1309566310)",POINT (13.3349653 52.59587219999999),True
DVM J. Rafael,,,,,,Pankow,11003003,Prenzlauer Berg,301,re_ortsteil.0301,,"Mo,We 09:00-12:00,15:00-19:00, Tu,Th 09:00-11:00,14:00-18:00, Fr 09:00-12:00, Sa 09:00-11:00",Includes Saturday,,,,,,,,,,,wheelchair=limited,52.5525185,13.4154857,"OSM amenity=veterinary, Berlin, snapshot 2025-12-09, via OSMNX","('node', 1352697273)",POINT (13.4154857 52.552518499999984),True
Dr. König,,,,,,Charlottenburg-Wilmersdorf,11004004,Schmargendorf,403,re_ortsteil.0403,,"Mo-Sa 10:00-12:00; Mo,Tu,Th,Fr 16:00-18:00",Mon–Sat,,,,,,,,,,,,52.4789793,13.2848224,"OSM amenity=veterinary, Berlin, snapshot 2025-12-09, via OSMNX","('node', 1387989062)",POINT (13.2848224 52.4789793),True
,,,,,,Charlottenburg-Wilmersdorf,11004004,Schmargendorf,403,re_ortsteil.0403,,,Unknown,,,,,,,,,,,,52.478761,13.2825498,"OSM amenity=veterinary, Berlin, snapshot 2025-12-09, via OSMNX","('node', 1431365727)",POINT (13.2825498 52.478761),False
Flidais,Buschkrugallee,206,12359.0,Berlin,"Buschkrugallee 206, 12359 Berlin",Neukölln,11008008,Britz,802,re_ortsteil.0802,,,Unknown,,,https://www.flidais-vet.de,,,,,https://www.flidais-vet.de,,Web: https://www.flidais-vet.de,,52.4463278,13.4543051,"OSM amenity=veterinary, Berlin, snapshot 2025-12-09, via OSMNX","('node', 1444862410)",POINT (13.4543051 52.4463278),True
Ullrich Mattke,Gäblerstraße,5,13086.0,Berlin,"Gäblerstraße 5, 13086 Berlin",Pankow,11003003,Weißensee,302,re_ortsteil.0302,,"Mo-Th 09:00-12:00,15:00-19:00; Sa 10:00-12:00; Fr 09:00-12:00,15:00-17:00",Includes Saturday,,,,,,,,,,,,52.5536467,13.4483752,"OSM amenity=veterinary, Berlin, snapshot 2025-12-09, via OSMNX","('node', 1464419364)",POINT (13.4483752 52.5536467),True
Veterinary clinic at Bruno-Baum-Straße 75,Bruno-Baum-Straße,75,12685.0,Berlin,"Bruno-Baum-Straße 75, 12685 Berlin",Marzahn-Hellersdorf,11010010,Marzahn,1001,re_ortsteil.1001,,,Unknown,,,,,,,,,,,,52.5355029,13.5426037,"OSM amenity=veterinary, Berlin, snapshot 2025-12-09, via OSMNX","('node', 1492682203)",POINT (13.5426037 52.5355029),True
Tierarztpraxis O.C. Lombardi,Britzer Damm,13,12347.0,Berlin,"Britzer Damm 13, 12347 Berlin",Neukölln,11008008,Britz,802,re_ortsteil.0802,,"Mo-Sa 10:00-12:00, Mo,Th 16:00-19:00, Tu,Fr 16:00-18:00",Mon–Sat,+49 30 6251547,,https://www.lombardi-berlin.de/,+49 30 6251547,,,,https://www.lombardi-berlin.de/,,Phone: +49 30 6251547 | Web: https://www.lombardi-berlin.de/,wheelchair=limited,52.4617945,13.4350014,"OSM amenity=veterinary, Berlin, snapshot 2025-12-09, via OSMNX","('node', 1504191018)",POINT (13.4350014 52.46179449999999),True
Naturheilpraxis Dr. Hanik,,,,,,Spandau,11005005,Staaken,504,re_ortsteil.0504,emergency,,Unknown,,,,,,,,,,,,52.5303117,13.1363236,"OSM amenity=veterinary, Berlin, snapshot 2025-12-09, via OSMNX","('node', 1607627062)",POINT (13.1363236 52.5303117),True
Tierarztpraxis Tanja Lück,Ernststraße,59,13509.0,Berlin,"Ernststraße 59, 13509 Berlin",Reinickendorf,11012012,Borsigwalde,1211,re_ortsteil.1211,,"Mo-We 09:00-13:00,16:00-19:00; Th 15:00-20:00; Fr 09:00-13:00,16:00-19:00; PH off",Unknown,+493043726783,,https://www.tanja-lueck.de/,+493043726783,,,,https://www.tanja-lueck.de/,,Phone: +493043726783 | Web: https://www.tanja-lueck.de/,,52.5838893,13.3006927,"OSM amenity=veterinary, Berlin, snapshot 2025-12-09, via OSMNX","('node', 1766858344)",POINT (13.3006927 52.5838893),True
Tierarzt-Praxis Ralf Boxhammer,,,,,,Treptow-Köpenick,11009009,Köpenick,910,re_ortsteil.0910,,"Mo,We 09:00-12:00; Tu,Th,Fr 14:00-17:00; Sa,Su 11:00-13:00",Includes weekend,,,,,,,,,,,wheelchair=no,52.4544641,13.5780156,"OSM amenity=veterinary, Berlin, snapshot 2025-12-09, via OSMNX","('node', 1791397445)",POINT (13.5780156 52.4544641),True
Tierarztpraxis Michael Voigt,Ernststraße,9,12437.0,Berlin,"Ernststraße 9, 12437 Berlin",Treptow-Köpenick,11009009,Baumschulenweg,903,re_ortsteil.0903,,"Mo 09:00-12:00,15:00-18:00; Tu 13:00-18:00; We 09:00-12:00; Th 09:00-12:00,15:00-18:00; Fr 13:00-18:00",Unknown,+49 30 532 9481,,https://tierarzt-voigt.de/,+49 30 532 9481,,,,https://tierarzt-voigt.de/,,Phone: +49 30 532 9481 | Web: https://tierarzt-voigt.de/,,52.465439,13.4889671,"OSM amenity=veterinary, Berlin, snapshot 2025-12-09, via OSMNX","('node', 1832317052)",POINT (13.4889671 52.465439),True
filu,Olivaer Platz,15,10707.0,Berlin,"Olivaer Platz 15, 10707 Berlin",Charlottenburg-Wilmersdorf,11004004,Charlottenburg,401,re_ortsteil.0401,,,Unknown,,,,,,,,,,,wheelchair=limited,52.4998738,13.3142714,"OSM amenity=veterinary, Berlin, snapshot 2025-12-09, via OSMNX","('node', 1882067156)",POINT (13.3142714 52.4998738),True
Tierarztpraxis Bärenwiese/ Tiernotarzt Berlin,Uhlandstraße,151,10719.0,Berlin,"Uhlandstraße 151, 10719 Berlin",Charlottenburg-Wilmersdorf,11004004,Wilmersdorf,402,re_ortsteil.0402,,"Mo 08:00-20:00; Tu-Fr 10:00-20:00; Sa,Su 10:00-13:00",Includes weekend,+49 30 23362627,,https://www.tierarzt-baerenwiese.de/,,+49 30 23362627,,,,https://www.tierarzt-baerenwiese.de/,Phone: +49 30 23362627 | Web: https://www.tierarzt-baerenwiese.de/,wheelchair=limited,52.497396,13.3245464,"OSM amenity=veterinary, Berlin, snapshot 2025-12-09, via OSMNX","('node', 1905963733)",POINT (13.3245464 52.497396),True
Tierarztpraxis am Bundesplatz,Detmolder Straße,3,10715.0,Berlin,"Detmolder Straße 3, 10715 Berlin",Charlottenburg-Wilmersdorf,11004004,Wilmersdorf,402,re_ortsteil.0402,,"Mo,Tu,Th,Fr 09:00-12:00,16:00-18:00; We 09:00-11:00; Sa 10:00-12:00",Includes Saturday,,,,,,,,,,,,52.4788705,13.3269233,"OSM amenity=veterinary, Berlin, snapshot 2025-12-09, via OSMNX","('node', 1914085674)",POINT (13.3269233 52.4788705),True
"Dr. Demmler, Dr. Wehming",Wiener Straße,25,10999.0,Berlin,"Wiener Straße 25, 10999 Berlin",Friedrichshain-Kreuzberg,11002002,Kreuzberg,202,re_ortsteil.0202,,"Mo-Fr 10:00-12:00,16:00-19:00; Sa 10:00-12:00; Su 10:00-11:00",Mon–Fri,,,,,,,,,,,,52.4969564,13.4325994,"OSM amenity=veterinary, Berlin, snapshot 2025-12-09, via OSMNX","('node', 1965863459)",POINT (13.4325994 52.4969564),True
Tierarzt Scheibner,Dörpfeldstraße,46,12489.0,Berlin,"Dörpfeldstraße 46, 12489 Berlin",Treptow-Köpenick,11009009,Adlershof,907,re_ortsteil.0907,,"Mo-Sa 09:00-11:00; Mo,We 16:00-18:30; Tu 18:30-20:30; Fr 16:00-18:00; PH off  || ""Nach Vereinbarung""",Mon–Sat,+49 30 677 54 03,,https://www.tierarzt-adlershof.de/,+49 30 677 54 03,,,,https://www.tierarzt-adlershof.de/,,Phone: +49 30 677 54 03 | Web: https://www.tierarzt-adlershof.de/,wheelchair=yes,52.4380728,13.5481783,"OSM amenity=veterinary, Berlin, snapshot 2025-12-09, via OSMNX","('node', 1978736705)",POINT (13.5481783 52.438072799999986),True
Tierarztpraxis am Lietzenseepark,Riehlstraße,3,14057.0,Berlin,"Riehlstraße 3, 14057 Berlin",Charlottenburg-Wilmersdorf,11004004,Charlottenburg,401,re_ortsteil.0401,,"Mo-Fr 09:00-12:00 16:00-19:00, Sa 11:00-13:00, Mo-Fr 12:00-16:00 ""nur mit Voranmeldung""",Mon–Fri,+49 30 3215058,mail@tierarztpraxis-am-lietzenseepark.de,https://tierarztpraxis-am-lietzenseepark.de/,+49 30 3215058,,mail@tierarztpraxis-am-lietzenseepark.de,,https://tierarztpraxis-am-lietzenseepark.de/,,Phone: +49 30 3215058 | Email: mail@tierarztpraxis-am-lietzenseepark.de | Web: https://tierarztpraxis-am-lietzenseepark.de/,,52.509309,13.2859209,"OSM amenity=veterinary, Berlin, snapshot 2025-12-09, via OSMNX","('node', 2000251280)",POINT (13.2859209 52.509309),True
Tierarztpraxis Dr. H. Brieger,,,,,,Steglitz-Zehlendorf,11006006,Zehlendorf,604,re_ortsteil.0604,,"Mo-We, Fr 09:30-11:00,16:00-19:00; Th 16:00-19:00; Sa 09:30-11:00",Includes Saturday,+49 30 8015852,,https://www.dr-brieger.de,,+49 30 8015852,,,,https://www.dr-brieger.de,Phone: +49 30 8015852 | Web: https://www.dr-brieger.de,,52.431227,13.2561565,"OSM amenity=veterinary, Berlin, snapshot 2025-12-09, via OSMNX","('node', 2018939619)",POINT (13.2561565 52.431227),True
Esther Bartels,,,,,,Charlottenburg-Wilmersdorf,11004004,Charlottenburg,401,re_ortsteil.0401,,,Unknown,,,,,,,,,,,wheelchair=yes,52.503473,13.3067983,"OSM amenity=veterinary, Berlin, snapshot 2025-12-09, via OSMNX","('node', 2021286582)",POINT (13.3067983 52.503473),True
Tierarztpraxis Dr. Veit-Uwe Stuhrberg,Bernulfstraße,43-45,12524.0,Berlin,"Bernulfstraße 43-45, 12524 Berlin",Treptow-Köpenick,11009009,Altglienicke,906,re_ortsteil.0906,,"Mo,Tu,Th,Fr 09:00-11:00,16:00-19:00; We 09:00-11:00; Sa 09:00-11:00",Includes Saturday,+49 30 6723384,,https://www.tierarztpraxis-altglienicke.de/,+49 30 6723384,,,,https://www.tierarztpraxis-altglienicke.de/,,Phone: +49 30 6723384 | Web: https://www.tierarztpraxis-altglienicke.de/,wheelchair=no | Grössere Treppe (abwärts) zum Eingang,52.4127843,13.541714,"OSM amenity=veterinary, Berlin, snapshot 2025-12-09, via OSMNX","('node', 2099577566)",POINT (13.541714 52.412784299999984),True
Dr. med. vet. Ulrich Bemm,Krummenseer Straße,10,12685.0,Berlin,"Krummenseer Straße 10, 12685 Berlin",Marzahn-Hellersdorf,11010010,Marzahn,1001,re_ortsteil.1001,,"Mo 13:00-18:00, Tu 10:00-15:00; We 10:00-15:00; Th 13:00-18:00; Fr 10:00-15:00",Unknown,+49 30 54378250,,https://www.tierarzt-bemm.de/,+49 30 54378250,,,,https://www.tierarzt-bemm.de/,,Phone: +49 30 54378250 | Web: https://www.tierarzt-bemm.de/,wheelchair=yes,52.541678,13.5721215,"OSM amenity=veterinary, Berlin, snapshot 2025-12-09, via OSMNX","('node', 2132599964)",POINT (13.5721215 52.541678),True
Tierarztpraxis Vesmes,Blumberger Damm,158,12685.0,Berlin,"Blumberger Damm 158, 12685 Berlin",Marzahn-Hellersdorf,11010010,Marzahn,1001,re_ortsteil.1001,,"Mo 09:00-12:00, 16:00-20:00; Tu 09:00-12:00, 16:00-20:00; We 16:00-20:00; Th 09:00-12:00, 16:00-20:00; Fr 09:00-12:00, 16:00-20:00",Unknown,+49309340440,info@tierarztpraxis-vesmes.de,https://www.tierarztpraxis-vesmes.de,+49309340440,,info@tierarztpraxis-vesmes.de,,https://www.tierarztpraxis-vesmes.de,,Phone: +49309340440 | Email: info@tierarztpraxis-vesmes.de | Web: https://www.tierarztpraxis-vesmes.de,wheelchair=yes,52.54542,13.5719026,"OSM amenity=veterinary, Berlin, snapshot 2025-12-09, via OSMNX","('node', 2136188609)",POINT (13.5719026 52.54542),True
,,,,,,Spandau,11005005,Spandau,501,re_ortsteil.0501,,,Unknown,,,,,,,,,,,wheelchair=no,52.5477287,13.2022574,"OSM amenity=veterinary, Berlin, snapshot 2025-12-09, via OSMNX","('node', 2303053618)",POINT (13.2022574 52.5477287),False
Flick,,,,,,Steglitz-Zehlendorf,11006006,Lichterfelde,602,re_ortsteil.0602,,Mo-Sa 17:00-19:00,Mon–Sat,,,,,,,,,,,,52.4178034,13.3061609,"OSM amenity=veterinary, Berlin, snapshot 2025-12-09, via OSMNX","('node', 2332698000)",POINT (13.3061609 52.4178034),True
Dr. Wolfgang Hoffmann,,,,,,Mitte,11001001,Moabit,102,re_ortsteil.0102,,"Mo-Fr 10:00-12:00,15:00-18:00",Mon–Fri,,,,,,,,,,,wheelchair=no,52.5286363,13.3412782,"OSM amenity=veterinary, Berlin, snapshot 2025-12-09, via OSMNX","('node', 2420872095)",POINT (13.3412782 52.52863629999999),True
Kleintierpraxis Dr. Jana Pohlenz,Sabinensteig,15,13053.0,Berlin,"Sabinensteig 15, 13053 Berlin",Lichtenberg,11011011,Alt-Hohenschönhausen,1110,re_ortsteil.1110,,,Unknown,,,http://www.kleintierpraxis-pohlenz.de,,,,,http://www.kleintierpraxis-pohlenz.de,,Web: http://www.kleintierpraxis-pohlenz.de,,52.5490713,13.4937991,"OSM amenity=veterinary, Berlin, snapshot 2025-12-09, via OSMNX","('node', 2444304869)",POINT (13.4937991 52.5490713),True
Tierarzt Dr. Niels Lösch,Am Faulen See,54,13053.0,Berlin,"Am Faulen See 54, 13053 Berlin",Lichtenberg,11011011,Alt-Hohenschönhausen,1110,re_ortsteil.1110,,,Unknown,,,,,,,,,,,,52.5535045,13.49705,"OSM amenity=veterinary, Berlin, snapshot 2025-12-09, via OSMNX","('node', 2444308316)",POINT (13.49705 52.5535045),True
Praxis im Märchenviertel,,,,,,Treptow-Köpenick,11009009,Köpenick,910,re_ortsteil.0910,,"Mo 14:00-18:00, Tu,Th 09:00-12:00, We 15:00-19:00; PH off",Unknown,+49 30 6574725,tierarzt@tierpraxis-rudelt.de,http://www.tierpraxis-rudelt.de/,+49 30 6574725,,tierarzt@tierpraxis-rudelt.de,,http://www.tierpraxis-rudelt.de/,,Phone: +49 30 6574725 | Email: tierarzt@tierpraxis-rudelt.de | Web: http://www.tierpraxis-rudelt.de/,wheelchair=no,52.4617784,13.5859364,"OSM amenity=veterinary, Berlin, snapshot 2025-12-09, via OSMNX","('node', 2509134926)",POINT (13.5859364 52.4617784),True
Medivet Berlin Pankow,Pasewalker Straße,25,13127.0,Berlin,"Pasewalker Straße 25, 13127 Berlin",Pankow,11003003,Französisch Buchholz,310,re_ortsteil.0310,,Mo-Fr 09:00-19:00; Sa 09:00-16:00; Su 11:00-13:00,Mon–Fri,+49 30 47469232,,https://www.medivetgroup.com/de-de/tierarzt/berlin-pankow,+49 30 47469232,,,,https://www.medivetgroup.com/de-de/tierarzt/berlin-pankow,,Phone: +49 30 47469232 | Web: https://www.medivetgroup.com/de-de/tierarzt/berlin-pankow,wheelchair=yes,52.5883891,13.429743,"OSM amenity=veterinary, Berlin, snapshot 2025-12-09, via OSMNX","('node', 2525117416)",POINT (13.429743 52.5883891),True
Tierarztpraxis Tempelhof,,,,,,Tempelhof-Schöneberg,11007007,Mariendorf,704,re_ortsteil.0704,,,Unknown,,,,,,,,,,,,52.4478307,13.3865847,"OSM amenity=veterinary, Berlin, snapshot 2025-12-09, via OSMNX","('node', 2674384521)",POINT (13.3865847 52.4478307),True
Dr. med. vet. Jeanette Sagawe,Steglitzer Damm,30,12169.0,Berlin,"Steglitzer Damm 30, 12169 Berlin",Steglitz-Zehlendorf,11006006,Steglitz,601,re_ortsteil.0601,,"Mo-Fr 09:00-13:00,16:00-20:00; Sa 10:00-16:00",Mon–Fri,+49 30 7951435,info@tieraerzte-steglitz.de,https://www.tieraerzte-steglitz.de,+49 30 7951435,,info@tieraerzte-steglitz.de,,https://www.tieraerzte-steglitz.de,,Phone: +49 30 7951435 | Email: info@tieraerzte-steglitz.de | Web: https://www.tieraerzte-steglitz.de,,52.4505337,13.3410324,"OSM amenity=veterinary, Berlin, snapshot 2025-12-09, via OSMNX","('node', 2746780787)",POINT (13.3410324 52.45053369999999),True
Bania,Kremnitzufer,2,,,Kremnitzufer 2,Steglitz-Zehlendorf,11006006,Wannsee,607,re_ortsteil.0607,,,Unknown,+49308051172,,,+49308051172,,,,,,Phone: +49308051172,,52.396095,13.161149,"OSM amenity=veterinary, Berlin, snapshot 2025-12-09, via OSMNX","('node', 2952593533)",POINT (13.161149 52.396095),True
Tierarztpraxis Dr. Koch,Lichtenrader Damm,39,12305.0,Berlin,"Lichtenrader Damm 39, 12305 Berlin",Tempelhof-Schöneberg,11007007,Lichtenrade,706,re_ortsteil.0706,,"Mo,We,Fr 09:00-14:00; Tu,Th 15:00-20:00",Unknown,+49 30 67 03 76 57,koch@tierarztpraxis-koch.de,http://www.tierarztpraxis-koch.de/,+49 30 67 03 76 57,,koch@tierarztpraxis-koch.de,,http://www.tierarztpraxis-koch.de/,,Phone: +49 30 67 03 76 57 | Email: koch@tierarztpraxis-koch.de | Web: http://www.tierarztpraxis-koch.de/,wheelchair=no,52.4107877,13.403669,"OSM amenity=veterinary, Berlin, snapshot 2025-12-09, via OSMNX","('node', 3065368552)",POINT (13.403669 52.4107877),True
Tierärzliche Praxis am Lützowufer,Lützowufer,26,10787.0,Berlin,"Lützowufer 26, 10787 Berlin",Mitte,11001001,Tiergarten,104,re_ortsteil.0104,,,Unknown,,,,,,,,,,,,52.5061832,13.3494203,"OSM amenity=veterinary, Berlin, snapshot 2025-12-09, via OSMNX","('node', 3080776284)",POINT (13.3494203 52.5061832),True
Kleintierpraxis in der Torstraße,,,,,,Mitte,11001001,Mitte,101,re_ortsteil.0101,,,Unknown,,,,,,,,,,,,52.5288283,13.4082068,"OSM amenity=veterinary, Berlin, snapshot 2025-12-09, via OSMNX","('node', 3098125229)",POINT (13.4082068 52.52882829999998),True
Praxis Tierzuliebe,Edisonstraße,63,12459.0,Berlin,"Edisonstraße 63, 12459 Berlin",Treptow-Köpenick,11009009,Oberschöneweide,909,re_ortsteil.0909,,"Mo,Tu,Th,Fr 10:00-18:00; Sa 10:00-14:00; Su 11:00-13:00",Includes weekend,+49 30 535 38 00,,https://tierarztinberlin.de/,+49 30 535 38 00,,,,https://tierarztinberlin.de/,,Phone: +49 30 535 38 00 | Web: https://tierarztinberlin.de/,wheelchair=yes,52.4614933,13.5131144,"OSM amenity=veterinary, Berlin, snapshot 2025-12-09, via OSMNX","('node', 3133634694)",POINT (13.5131144 52.4614933),True
Dirk Trimpe,Bahnhofstraße,3,12159.0,Berlin,"Bahnhofstraße 3, 12159 Berlin",Tempelhof-Schöneberg,11007007,Schöneberg,701,re_ortsteil.0701,,"Mo-Sa 10:00-12:30, Mo,Tu,Th,Fr 17:00-19:00",Mon–Sat,+49 30 8521920,,http://www.tierarztpraxis-trimpe.de/,+49 30 8521920,,,,http://www.tierarztpraxis-trimpe.de/,,Phone: +49 30 8521920 | Web: http://www.tierarztpraxis-trimpe.de/,wheelchair=no,52.4699319,13.3395083,"OSM amenity=veterinary, Berlin, snapshot 2025-12-09, via OSMNX","('node', 3178164316)",POINT (13.3395083 52.469931899999985),True
Tierarztpraxis Andrea Reich,Holländerstraße,95,13407.0,Berlin,"Holländerstraße 95, 13407 Berlin",Mitte,11001001,Wedding,105,re_ortsteil.0105,,"Mo 10:00-18:00; Th,Fr 10:00-16:00; Tu 10:00-14:00; We 14:00-18:00",Unknown,+49304557051,,https://www.tierarztpraxis-reinickendorf.de/,+49304557051,,,,https://www.tierarztpraxis-reinickendorf.de/,,Phone: +49304557051 | Web: https://www.tierarztpraxis-reinickendorf.de/,wheelchair=no,52.561957,13.353401,"OSM amenity=veterinary, Berlin, snapshot 2025-12-09, via OSMNX","('node', 3284006061)",POINT (13.353401 52.561957),True
Tierarztpraxis,,,,,,Reinickendorf,11012012,Tegel,1202,re_ortsteil.1202,,"Mo,We,Th 09:30-13:00; Tu,Fr 15:00-19:00; Sa 09:00-11:00",Includes Saturday,+49 30 40534618,,,+49 30 40534618,,,,,,Phone: +49 30 40534618,,52.5769899,13.2792318,"OSM amenity=veterinary, Berlin, snapshot 2025-12-09, via OSMNX","('node', 3393786475)",POINT (13.2792318 52.5769899),True
Tierarztpraxis am Südkreuz,Gustav-Müller-Straße,19,10829.0,Berlin,"Gustav-Müller-Straße 19, 10829 Berlin",Tempelhof-Schöneberg,11007007,Schöneberg,701,re_ortsteil.0701,,"Mo-Fr 10:00-12:00, Mo,We 16:00-19:00, Tu,Th,Fr 16:00-18:00",Mon–Fri,,,https://www.tierarztpraxis-am-suedkreuz.de/,,,,,https://www.tierarztpraxis-am-suedkreuz.de/,,Web: https://www.tierarztpraxis-am-suedkreuz.de/,wheelchair=no,52.4807694,13.3623013,"OSM amenity=veterinary, Berlin, snapshot 2025-12-09, via OSMNX","('node', 3444597275)",POINT (13.3623013 52.4807694),True
Tierarztpraxis an den Allee-Arcaden,Greifenhagener Straße,45,10437.0,Berlin,"Greifenhagener Straße 45, 10437 Berlin",Pankow,11003003,Prenzlauer Berg,301,re_ortsteil.0301,,"Mo,Tu,Th 09:00-12:00,16:00-18:00; Fr 09:00-12:00",Unknown,+49 30 30361381,,https://www.tierarztpraxis-allee-arcaden.de/,,+49 30 30361381,,,https://www.tierarztpraxis-allee-arcaden.de/,,Phone: +49 30 30361381 | Web: https://www.tierarztpraxis-allee-arcaden.de/,wheelchair=limited | Mobile Rampe vorhanden; bei Bedarf klingeln,52.5496022,13.4168501,"OSM amenity=veterinary, Berlin, snapshot 2025-12-09, via OSMNX","('node', 3649210316)",POINT (13.4168501 52.5496022),True
Tierarztpraxis Dr. med. vet. Gerald Schmid,Eisenacher Straße,40,10781.0,Berlin,"Eisenacher Straße 40, 10781 Berlin",Tempelhof-Schöneberg,11007007,Schöneberg,701,re_ortsteil.0701,,"Mo-We,Fr 10:00-14:00; Th 15:00-18:00",Unknown,+49 30 211 17 79,,http://doctor-dolittle.de,+49 30 211 17 79,,,,http://doctor-dolittle.de,,Phone: +49 30 211 17 79 | Web: http://doctor-dolittle.de,wheelchair=yes,52.4897742,13.3488645,"OSM amenity=veterinary, Berlin, snapshot 2025-12-09, via OSMNX","('node', 3694035418)",POINT (13.3488645 52.4897742),True
Tierarzt Dr. Ferencz,Elberfelder Straße,3,10555.0,Berlin,"Elberfelder Straße 3, 10555 Berlin",Mitte,11001001,Moabit,102,re_ortsteil.0102,,"""'Weiter Terminsprechstunde. Bitte rufen Sie an 030-3988 9278'""",Unknown,,,http://www.tierarztpraxis-moabit.de,,,,,http://www.tierarztpraxis-moabit.de,,Web: http://www.tierarztpraxis-moabit.de,wheelchair=no,52.5241824,13.3359576,"OSM amenity=veterinary, Berlin, snapshot 2025-12-09, via OSMNX","('node', 3754655246)",POINT (13.3359576 52.5241824),True
Tierarztpraxis Tierlieb,Preußenallee,40,14052.0,Berlin,"Preußenallee 40, 14052 Berlin",Charlottenburg-Wilmersdorf,11004004,Westend,405,re_ortsteil.0405,,"Mo-Fr 09:00-13:00, Mo,Tu,Th 14:00-18:00; Sa 09:30-11:00",Mon–Fri,,,,,,,,,,,,52.5154998,13.2608183,"OSM amenity=veterinary, Berlin, snapshot 2025-12-09, via OSMNX","('node', 3786067403)",POINT (13.2608183 52.5154998),True
Tierarztpraxis am Nollendorfplatz,Nollendorfstraße,20,10777.0,Berlin,"Nollendorfstraße 20, 10777 Berlin",Tempelhof-Schöneberg,11007007,Schöneberg,701,re_ortsteil.0701,,"Mo-Tu 10:00-12:00,17:00-19:00; We 17:00-19:00; Th 10:00-12:00,16:00-18:00; Fr 10:00-14:00; Sa ""by appointment""",Includes Saturday,+49 30 2167711,,http://hund-katze-vogel.de/,,+49 30 2167711,,,,http://hund-katze-vogel.de/,Phone: +49 30 2167711 | Web: http://hund-katze-vogel.de/,wheelchair=no,52.4976524,13.3504475,"OSM amenity=veterinary, Berlin, snapshot 2025-12-09, via OSMNX","('node', 3826013974)",POINT (13.3504475 52.4976524),True
Tierarztpraxis Tobias Krause,,,,,,Steglitz-Zehlendorf,11006006,Steglitz,601,re_ortsteil.0601,,"Mo-Fr 09:30-12:00,16:30-19:00; Sa 10:00-12:00",Mon–Fri,+49 30 91443116,tierarzt@ta-krause.de,http://www.ta-krause.de,,+49 30 91443116,,tierarzt@ta-krause.de,,http://www.ta-krause.de,Phone: +49 30 91443116 | Email: tierarzt@ta-krause.de | Web: http://www.ta-krause.de,,52.4459974,13.3307775,"OSM amenity=veterinary, Berlin, snapshot 2025-12-09, via OSMNX","('node', 3905732054)",POINT (13.3307775 52.44599739999999),True
Tierheilpraxis Kreuzberg,Warschauer Straße,29,10243.0,Berlin,"Warschauer Straße 29, 10243 Berlin",Friedrichshain-Kreuzberg,11002002,Friedrichshain,201,re_ortsteil.0201,,"Mo,We,Fr 11:00-17:00; Tu,Th 14:00-20:00",Unknown,,,,,,,,,,,wheelchair=no,52.5097882,13.4509749,"OSM amenity=veterinary, Berlin, snapshot 2025-12-09, via OSMNX","('node', 3906998156)",POINT (13.4509749 52.5097882),True
Katharina Andreas,Hampsteadstraße,7,14167.0,Berlin,"Hampsteadstraße 7, 14167 Berlin",Steglitz-Zehlendorf,11006006,Zehlendorf,604,re_ortsteil.0604,,,Unknown,,,,,,,,,,,,52.433136,13.2749799,"OSM amenity=veterinary, Berlin, snapshot 2025-12-09, via OSMNX","('node', 3911381119)",POINT (13.2749799 52.433136),True
Tierarztpraxis am Wildrosengehölz,Hönower Straße,263,,Berlin,"Hönower Straße 263, Berlin",Marzahn-Hellersdorf,11010010,Mahlsdorf,1004,re_ortsteil.1004,,"Mo-Sa 08-20, So (Notfall) 10-16",Mon–Sat,+49 30 99285501,info@tierarztpraxis-mahlsdorf.de,https://www.tierarztpraxis-mahlsdorf.de/,+49 30 99285501,,info@tierarztpraxis-mahlsdorf.de,,https://www.tierarztpraxis-mahlsdorf.de/,,Phone: +49 30 99285501 | Email: info@tierarztpraxis-mahlsdorf.de | Web: https://www.tierarztpraxis-mahlsdorf.de/,wheelchair=yes,52.5278578,13.6243765,"OSM amenity=veterinary, Berlin, snapshot 2025-12-09, via OSMNX","('node', 4014948628)",POINT (13.6243765 52.5278578),True
Dr. med. vet. Susann Zimmer,Weerthstraße,10,12489.0,Berlin,"Weerthstraße 10, 12489 Berlin",Treptow-Köpenick,11009009,Adlershof,907,re_ortsteil.0907,,"Mo 10:00-12:00,16:00-18:00, Tu 10:00-12:00,16:00-19:00, We 10:00-12:00, Th 16:00-19:00, Fr 10:00-12:00,16:00-18:00; PH off",Unknown,+49 30 67 132 67,,,+49 30 67 132 67,,,,,,Phone: +49 30 67 132 67,,52.4346817,13.544154,"OSM amenity=veterinary, Berlin, snapshot 2025-12-09, via OSMNX","('node', 4080579671)",POINT (13.544154 52.4346817),True
Tierpraxis Dr. Gerriets,Morgensternstraße,16,12207.0,Berlin,"Morgensternstraße 16, 12207 Berlin",Steglitz-Zehlendorf,11006006,Lichterfelde,602,re_ortsteil.0602,,"Mo 10:00-13:00,17:00-19:00; Tu 10:00-12:00; We 17:00-19:00; Th 10:00-12:00; Fr 10:00-12:00",Unknown,+49 30 7724027,,https://www.tierpraxis-drgerriets.de/,+49 30 7724027,,,,https://www.tierpraxis-drgerriets.de/,,Phone: +49 30 7724027 | Web: https://www.tierpraxis-drgerriets.de/,,52.4259329,13.3186185,"OSM amenity=veterinary, Berlin, snapshot 2025-12-09, via OSMNX","('node', 4137973040)",POINT (13.3186185 52.425932899999985),True
Tierarztpraxis Dr. med. vet. Joachim Kirchner,Florastraße,43,13187.0,Berlin,"Florastraße 43, 13187 Berlin",Pankow,11003003,Pankow,307,re_ortsteil.0307,,"Mo-Fr 14:00-18:00; Tu,Th 09:00-12:00,14:00-18:00",Mon–Fri,+49 30 49 50 09 49,info@tierarzt-in-pankow.de,http://www.tierarzt-in-pankow.de/,+49 30 49 50 09 49,,info@tierarzt-in-pankow.de,,http://www.tierarzt-in-pankow.de/,,Phone: +49 30 49 50 09 49 | Email: info@tierarzt-in-pankow.de | Web: http://www.tierarzt-in-pankow.de/,wheelchair=no,52.5661672,13.4090789,"OSM amenity=veterinary, Berlin, snapshot 2025-12-09, via OSMNX","('node', 4174131466)",POINT (13.4090789 52.5661672),True
Tierarztpraxis Am Westend,,,,,,Charlottenburg-Wilmersdorf,11004004,Charlottenburg,401,re_ortsteil.0401,,"Mo,Tu,Th,Fr 10:00-13:00,17:00-19:00; We,Sa 10:00-13:00",Includes Saturday,+4930 3228 247,info@tierarztamwestend.de,https://www.tierarztamwestend.de/,+4930 3228 247,,info@tierarztamwestend.de,,https://www.tierarztamwestend.de/,,Phone: +4930 3228 247 | Email: info@tierarztamwestend.de | Web: https://www.tierarztamwestend.de/,,52.5179456,13.2866144,"OSM amenity=veterinary, Berlin, snapshot 2025-12-09, via OSMNX","('node', 4366353588)",POINT (13.2866144 52.5179456),True
Tierarztpraxis Alexandra Sypitzki,Sesenheimer Straße,15,10627.0,Berlin,"Sesenheimer Straße 15, 10627 Berlin",Charlottenburg-Wilmersdorf,11004004,Charlottenburg,401,re_ortsteil.0401,,Mo-Fr 08:30+,Mon–Fri,+49 30 78957110,,https://www.tierarztpraxis-sypitzki.de/,+49 30 78957110,,,,https://www.tierarztpraxis-sypitzki.de/,,Phone: +49 30 78957110 | Web: https://www.tierarztpraxis-sypitzki.de/,wheelchair=no,52.5105206,13.3075345,"OSM amenity=veterinary, Berlin, snapshot 2025-12-09, via OSMNX","('node', 4412304406)",POINT (13.3075345 52.5105206),True
Tierarztpraxis Dr. Dorothea Werning,Lindenthaler Allee,6,14163.0,Berlin,"Lindenthaler Allee 6, 14163 Berlin",Steglitz-Zehlendorf,11006006,Zehlendorf,604,re_ortsteil.0604,,"Mo, Tu, Th 10:00-13:00, 17:00-19:00; We 10:00-13:00, 17:00-20:00; Fr 10:00-17:00",Unknown,+49 30 8025009,,https://www.tierarztpraxis-mexikoplatz.de/de/index.html,+49 30 8025009,,,,https://www.tierarztpraxis-mexikoplatz.de/de/index.html,,Phone: +49 30 8025009 | Web: https://www.tierarztpraxis-mexikoplatz.de/de/index.html,,52.4358777,13.2310121,"OSM amenity=veterinary, Berlin, snapshot 2025-12-09, via OSMNX","('node', 4686885506)",POINT (13.2310121 52.4358777),True
Tiergesundheitszentrum,,,,,,Lichtenberg,11011011,Friedrichsfelde,1101,re_ortsteil.1101,,"Mo-Sa 10:00-12:00, Mo-Fr 15:00-19:00, Sa 10:00-12:00; PH off",Mon–Sat,,,,,,,,,,,wheelchair=yes,52.4981659,13.5208894,"OSM amenity=veterinary, Berlin, snapshot 2025-12-09, via OSMNX","('node', 4709401189)",POINT (13.5208894 52.4981659),True
Kleintierpraxis Jan Schneider,Großbeerenstraße,169-171,12277.0,Berlin,"Großbeerenstraße 169-171, 12277 Berlin",Tempelhof-Schöneberg,11007007,Mariendorf,704,re_ortsteil.0704,,"Mo,We,Fr 10:00-13:00,15:00-19:00; Tu,Th 17:00-21:00; Sa-Su 11:00-14:00",Includes weekend,+49 30 29032092,,https://www.kleintierpraxis-schneider.com/,+49 30 29032092,,,,https://www.kleintierpraxis-schneider.com/,,Phone: +49 30 29032092 | Web: https://www.kleintierpraxis-schneider.com/,wheelchair=no,52.428896,13.3758384,"OSM amenity=veterinary, Berlin, snapshot 2025-12-09, via OSMNX","('node', 4715820728)",POINT (13.3758384 52.428896),True
Tierarztpraxis Oldenburger Straße,Oldenburger Straße,44,10551.0,Berlin,"Oldenburger Straße 44, 10551 Berlin",Mitte,11001001,Moabit,102,re_ortsteil.0102,,"Mo 10:00-12:00,15:00-18:00; Tu 10:00-14:00,18:00-20:00; We 10:00-12:00,15:00-18:00; Th 10:00-14:00,18:00-20:00; Fr 10:00-12:00,15:00-18:00; Sa 09:00-11:00",Includes Saturday,+49303951555,,https://www.tierarztpraxis-oldenburger-strasse.de,+49303951555,,,,https://www.tierarztpraxis-oldenburger-strasse.de,,Phone: +49303951555 | Web: https://www.tierarztpraxis-oldenburger-strasse.de,wheelchair=no,52.5289464,13.3357023,"OSM amenity=veterinary, Berlin, snapshot 2025-12-09, via OSMNX","('node', 4789962778)",POINT (13.3357023 52.5289464),True
Tierarztpraxis am Burgerpark,Wilhelm-Kuhr-Straße,1,13187.0,Berlin,"Wilhelm-Kuhr-Straße 1, 13187 Berlin",Pankow,11003003,Pankow,307,re_ortsteil.0307,,"Mo,We 14:00-19:00; Tu,Th 09:00-14:00; Fr 10:00-15:00",Unknown,+49 30 48479400,,https://www.tierarzt-pankow.de/,+49 30 48479400,,,,https://www.tierarzt-pankow.de/,,Phone: +49 30 48479400 | Web: https://www.tierarzt-pankow.de/,wheelchair=no,52.5694182,13.4001258,"OSM amenity=veterinary, Berlin, snapshot 2025-12-09, via OSMNX","('node', 4809992565)",POINT (13.4001258 52.56941819999999),True
Veterinary clinic at Wattstraße 10,Wattstraße,10,13629.0,,"Wattstraße 10, 13629",Spandau,11005005,Siemensstadt,503,re_ortsteil.0503,,,Unknown,,,,,,,,,,,,52.5373732,13.2664047,"OSM amenity=veterinary, Berlin, snapshot 2025-12-09, via OSMNX","('node', 5029362624)",POINT (13.2664047 52.5373732),True
Tierarztpraxis,Max-Steinke-Straße,2,13086.0,Berlin,"Max-Steinke-Straße 2, 13086 Berlin",Pankow,11003003,Weißensee,302,re_ortsteil.0302,,"Mo-Fr 09:00-11:00, Mo,Tu,Th,Fr 16:00-18:00, Sa 10:00-12:00",Mon–Fri,+49 30 9252160,,,+49 30 9252160,,,,,,Phone: +49 30 9252160,wheelchair=yes,52.5488636,13.4513273,"OSM amenity=veterinary, Berlin, snapshot 2025-12-09, via OSMNX","('node', 5090019016)",POINT (13.4513273 52.5488636),True
Kleintierpraxis Ralf Boxhammer,Zingster Straße,5,13051.0,,"Zingster Straße 5, 13051",Lichtenberg,11011011,Neu-Hohenschönhausen,1109,re_ortsteil.1109,,,Unknown,+49 30 9206644,,http://www.ta-boxhammer.de,+49 30 9206644,,,,http://www.ta-boxhammer.de,,Phone: +49 30 9206644 | Web: http://www.ta-boxhammer.de,wheelchair=no,52.5640461,13.5033148,"OSM amenity=veterinary, Berlin, snapshot 2025-12-09, via OSMNX","('node', 5166206721)",POINT (13.5033148 52.5640461),True
Tierarztpraxis Ralf Neuer,Fischerinsel,2,10179.0,Berlin,"Fischerinsel 2, 10179 Berlin",Mitte,11001001,Mitte,101,re_ortsteil.0101,,,Unknown,,,,,,,,,,,,52.5140108,13.408851,"OSM amenity=veterinary, Berlin, snapshot 2025-12-09, via OSMNX","('node', 5190500390)",POINT (13.408851 52.5140108),True
Vets for cats,Bayerischer Platz,2,10779.0,Berlin,"Bayerischer Platz 2, 10779 Berlin",Tempelhof-Schöneberg,11007007,Schöneberg,701,re_ortsteil.0701,,"Mo-Fr 09:00-20:00; We 09:00-14:00; Sa,Su 10:00-12:00; PH off",Mon–Fri,+49 30 34398877,info@vetsforcats.de,https://www.vetsforcats.de/,,+49 30 34398877,,info@vetsforcats.de,,https://www.vetsforcats.de/,Phone: +49 30 34398877 | Email: info@vetsforcats.de | Web: https://www.vetsforcats.de/,wheelchair=limited,52.4897098,13.3392413,"OSM amenity=veterinary, Berlin, snapshot 2025-12-09, via OSMNX","('node', 5297162644)",POINT (13.3392413 52.4897098),True
Tierarztpraxis Lenk,Schönfließer Straße,1,,,Schönfließer Straße 1,Pankow,11003003,Prenzlauer Berg,301,re_ortsteil.0301,,"Mo-Fr 08:00-19:00, Sa 09:00-18:00, Su 10:00-18:00",Mon–Fri,+49304469769,info@tierarztpraxis-lenk.de,https://tierarztpraxis-lenk.de/,+49304469769,,info@tierarztpraxis-lenk.de,,https://tierarztpraxis-lenk.de/,,Phone: +49304469769 | Email: info@tierarztpraxis-lenk.de | Web: https://tierarztpraxis-lenk.de/,wheelchair=no,52.5502349,13.408248,"OSM amenity=veterinary, Berlin, snapshot 2025-12-09, via OSMNX","('node', 5326151790)",POINT (13.408248 52.5502349),True
Tierarztpraxis am Mauerpark,,,,,,Pankow,11003003,Prenzlauer Berg,301,re_ortsteil.0301,,Mo-Fr 09:00-19:00,Mon–Fri,,,,,,,,,,,wheelchair=limited,52.5470756,13.4082736,"OSM amenity=veterinary, Berlin, snapshot 2025-12-09, via OSMNX","('node', 5357470034)",POINT (13.4082736 52.5470756),True
Chung & Wahle,Hauptstraße,89,12159.0,Berlin,"Hauptstraße 89, 12159 Berlin",Tempelhof-Schöneberg,11007007,Schöneberg,701,re_ortsteil.0701,,"Mo,Fr 09:00-18:00; Tu,Th 09:00-20:00; We,Sa 09:00-14:00",Includes Saturday,+49 30 8593215,info@tierarztpraxis-chung-wahle.com,https://tierarztpraxis-chung-wahle.com/,+49 30 8593215,,info@tierarztpraxis-chung-wahle.com,,https://tierarztpraxis-chung-wahle.com/,,Phone: +49 30 8593215 | Email: info@tierarztpraxis-chung-wahle.com | Web: https://tierarztpraxis-chung-wahle.com/,wheelchair=limited,52.4751968,13.3401022,"OSM amenity=veterinary, Berlin, snapshot 2025-12-09, via OSMNX","('node', 5424941690)",POINT (13.3401022 52.4751968),True
Tierarztpraxis Dr. Klaus Lendner,,,,,,Tempelhof-Schöneberg,11007007,Schöneberg,701,re_ortsteil.0701,,"Mo,Tu,Th,Fr 09:00-12:00,16:00-19:00; We,Sa 09:00-12:00",Includes Saturday,,,,,,,,,,,wheelchair=yes,52.4990938,13.344571,"OSM amenity=veterinary, Berlin, snapshot 2025-12-09, via OSMNX","('node', 5514404517)",POINT (13.344571 52.4990938),True
Martyna Pohnke Tierarzt,Ostpreußendamm,65,,,Ostpreußendamm 65,Steglitz-Zehlendorf,11006006,Lichterfelde,602,re_ortsteil.0602,,"Mo-Fr 09:00-12:00, Mo 16:00-19:00, Th 16:00-20:00",Mon–Fri,+49 30 75765970,,,+49 30 75765970,,,,,,Phone: +49 30 75765970,,52.4212925,13.3101216,"OSM amenity=veterinary, Berlin, snapshot 2025-12-09, via OSMNX","('node', 5554342322)",POINT (13.3101216 52.421292499999986),True
Dr. Miriam Oczipka,Mindener Straße,22,10589.0,Berlin,"Mindener Straße 22, 10589 Berlin",Charlottenburg-Wilmersdorf,11004004,Charlottenburg,401,re_ortsteil.0401,,"Mo-Fr 09:00-12:00,16:00-19:00; Sa 11:00-13:00",Mon–Fri,+49303441864,,,+49303441864,,,,,,Phone: +49303441864,wheelchair=no,52.5247542,13.3008749,"OSM amenity=veterinary, Berlin, snapshot 2025-12-09, via OSMNX","('node', 5733901242)",POINT (13.3008749 52.5247542),True
Dr. med. vet. Sven Albrecht,Baumschulenstraße,34,12437.0,Berlin,"Baumschulenstraße 34, 12437 Berlin",Treptow-Köpenick,11009009,Baumschulenweg,903,re_ortsteil.0903,,"Mo,We,Fr 09:00-12:00,15:00-19:00; Tu,Th 09:00-12:00,13:00-15:00",Unknown,,,,,,,,,,,wheelchair=no,52.4637752,13.4852571,"OSM amenity=veterinary, Berlin, snapshot 2025-12-09, via OSMNX","('node', 5762374254)",POINT (13.4852571 52.4637752),True
Dr. Wegeler,,,,,,Tempelhof-Schöneberg,11007007,Lichtenrade,706,re_ortsteil.0706,,"""nach Vereinbarung""",Unknown,+49 307956044,,,+49 307956044,,,,,,Phone: +49 307956044,,52.3889212,13.3905608,"OSM amenity=veterinary, Berlin, snapshot 2025-12-09, via OSMNX","('node', 6270311794)",POINT (13.3905608 52.3889212),True
Tierarztpraxis Hohenzollerndamm 3,Hohenzollerndamm,3,10717.0,Berlin,"Hohenzollerndamm 3, 10717 Berlin",Charlottenburg-Wilmersdorf,11004004,Wilmersdorf,402,re_ortsteil.0402,,"Mo-Tu,Th-Fr 10:00-12:30,17:00-19:00; We 18:00-20:00; Sa 11:00-13:00",Includes Saturday,+49 30 88679111,tierarztpraxis@hohenzollerndamm-3.de,https://tierarztpraxis-hohenzollerndamm-3.de/,,+49 30 88679111,,tierarztpraxis@hohenzollerndamm-3.de,,https://tierarztpraxis-hohenzollerndamm-3.de/,Phone: +49 30 88679111 | Email: tierarztpraxis@hohenzollerndamm-3.de | Web: https://tierarztpraxis-hohenzollerndamm-3.de/,wheelchair=no,52.4954404,13.3293192,"OSM amenity=veterinary, Berlin, snapshot 2025-12-09, via OSMNX","('node', 6344954141)",POINT (13.3293192 52.4954404),True
Tierarztpraxis Anke Meeuw,,,,,,Lichtenberg,11011011,Karlshorst,1102,re_ortsteil.1102,,"Mo,We 09:00-19:00; Tu 07:30-14:00; Th 10:00-21:00; Fr 09:00-12:00; Sa 10:00-15:00",Includes Saturday,+49 30 96 59 96 52,praxis@tierarzt-karlshorst.info,http://www.tierarzt-karlshorst.info/willkommen.html,+49 30 96 59 96 52,,praxis@tierarzt-karlshorst.info,,http://www.tierarzt-karlshorst.info/willkommen.html,,Phone: +49 30 96 59 96 52 | Email: praxis@tierarzt-karlshorst.info | Web: http://www.tierarzt-karlshorst.info/willkommen.html,wheelchair=yes,52.4800707,13.5205309,"OSM amenity=veterinary, Berlin, snapshot 2025-12-09, via OSMNX","('node', 6449519970)",POINT (13.5205309 52.4800707),True
Tierarztpraxis Sonnenallee,Sonnenallee,204,12059.0,Berlin,"Sonnenallee 204, 12059 Berlin",Neukölln,11008008,Neukölln,801,re_ortsteil.0801,,"Mo-Fr 09:00-12:00,16:00-20:00; Sa 11:00-13:00 || ""und nach Vereinbarung""",Mon–Fri,+49 30 6814455,post@tierarztpraxis-sonnenallee.de,https://tierarztpraxis-sonnenallee.de/,,+49 30 6814455,,post@tierarztpraxis-sonnenallee.de,,https://tierarztpraxis-sonnenallee.de/,Phone: +49 30 6814455 | Email: post@tierarztpraxis-sonnenallee.de | Web: https://tierarztpraxis-sonnenallee.de/,wheelchair=no,52.4748376,13.4534973,"OSM amenity=veterinary, Berlin, snapshot 2025-12-09, via OSMNX","('node', 6470421529)",POINT (13.4534973 52.4748376),True
Tierarztpraxis Laskawy,Bänschstraße,58,,Berlin,"Bänschstraße 58, Berlin",Friedrichshain-Kreuzberg,11002002,Friedrichshain,201,re_ortsteil.0201,,"Mo,We 14:00-19:00; Tu,Th 08:00-13:00; Fr 08:00-13:00,14:00-19:00",Unknown,+49 30 4267684,,http://www.laskawy-berlin.de,+49 30 4267684,,,,http://www.laskawy-berlin.de,,Phone: +49 30 4267684 | Web: http://www.laskawy-berlin.de,wheelchair=yes,52.5177488,13.4661107,"OSM amenity=veterinary, Berlin, snapshot 2025-12-09, via OSMNX","('node', 6509362833)",POINT (13.4661107 52.5177488),True
neko Tiergesundheit,Provinzstraße,47,,,Provinzstraße 47,Reinickendorf,11012012,Reinickendorf,1201,re_ortsteil.1201,,"Mo 15:00-18:00, Tu 10:00-13:00, We 10:00-15:00, Fr 10:00-15:00, Tu 15:00-19:00, Th 15:00-19:00",Unknown,+49 30 54814390,,https://www.neko-tiergesundheit.de,+49 30 54814390,,,,https://www.neko-tiergesundheit.de,,Phone: +49 30 54814390 | Web: https://www.neko-tiergesundheit.de,wheelchair=no,52.5687932,13.3794234,"OSM amenity=veterinary, Berlin, snapshot 2025-12-09, via OSMNX","('node', 6603772445)",POINT (13.3794234 52.5687932),True
Kleintierpraxis Dirk Oschika,Krossener Straße,35A,10245.0,Berlin,"Krossener Straße 35A, 10245 Berlin",Friedrichshain-Kreuzberg,11002002,Friedrichshain,201,re_ortsteil.0201,,"Mo,Tu,Th 09:00-11:00,15:00-19:00",Unknown,+49 30 2946333,,http://www.doschika.de/,,+49 30 2946333,,,,http://www.doschika.de/,Phone: +49 30 2946333 | Web: http://www.doschika.de/,wheelchair=no,52.5094514,13.4645357,"OSM amenity=veterinary, Berlin, snapshot 2025-12-09, via OSMNX","('node', 6705031970)",POINT (13.4645357 52.5094514),True
Vogelpraxis,Mierendorffstraße,23,10589.0,Berlin,"Mierendorffstraße 23, 10589 Berlin",Charlottenburg-Wilmersdorf,11004004,Charlottenburg,401,re_ortsteil.0401,,,Unknown,+49 30 34902843,info@vogelpraxis.de,https://vogelpraxis.de/,,+49 30 34902843,,info@vogelpraxis.de,,https://vogelpraxis.de/,Phone: +49 30 34902843 | Email: info@vogelpraxis.de | Web: https://vogelpraxis.de/,wheelchair=limited,52.5241017,13.3024823,"OSM amenity=veterinary, Berlin, snapshot 2025-12-09, via OSMNX","('node', 6982811309)",POINT (13.3024823 52.5241017),True
Rex Tierarztpraxis,Greifswalder Straße,204,10405.0,Berlin,"Greifswalder Straße 204, 10405 Berlin",Pankow,11003003,Prenzlauer Berg,301,re_ortsteil.0301,,Mo-Fr 08:00-20:00; Sa 09:00-16:00,Mon–Fri,,,,,,,,,,,wheelchair=no,52.5333026,13.4292251,"OSM amenity=veterinary, Berlin, snapshot 2025-12-09, via OSMNX","('node', 7211094992)",POINT (13.4292251 52.5333026),True
Fahrpraxis Feske,Allmendeweg,116,13509.0,Berlin,"Allmendeweg 116, 13509 Berlin",Reinickendorf,11012012,Tegel,1202,re_ortsteil.1202,,"Mo-Fr 08:00-20:00 open ""telefonisch erreichbar""",Mon–Fri,+49 30 40571512,,https://www.tierarzt-feske.de/,,+49 30 40571512,,,,https://www.tierarzt-feske.de/,Phone: +49 30 40571512 | Web: https://www.tierarzt-feske.de/,,52.6047279,13.298452,"OSM amenity=veterinary, Berlin, snapshot 2025-12-09, via OSMNX","('node', 7227468226)",POINT (13.298452 52.604727899999986),True
Tierarztpraxis Claudia Handke,Danziger Straße,15,10435.0,Berlin,"Danziger Straße 15, 10435 Berlin",Pankow,11003003,Prenzlauer Berg,301,re_ortsteil.0301,,"Mo,Th,Fr 10:00-12:00, Tu,We 10:00-15:00, Mo 16:00-20:00, Th 16:00-19:00, Fr 16:00-18:00, Sa 11:00-13:00",Includes Saturday,+49 30 4421760,post@tierarztpraxis-prenzlauerberg.de,https://www.tierarztpraxis-prenzlauerberg.de,+49 30 4421760,,post@tierarztpraxis-prenzlauerberg.de,,https://www.tierarztpraxis-prenzlauerberg.de,,Phone: +49 30 4421760 | Email: post@tierarztpraxis-prenzlauerberg.de | Web: https://www.tierarztpraxis-prenzlauerberg.de,wheelchair=no,52.5407903,13.4154364,"OSM amenity=veterinary, Berlin, snapshot 2025-12-09, via OSMNX","('node', 7310483025)",POINT (13.4154364 52.5407903),True
Dr. Angelika Block,,,,,,Charlottenburg-Wilmersdorf,11004004,Halensee,407,re_ortsteil.0407,,"Mo-Tu 10:00-12:00,16:00-18:30; We 16:00-18:30; Th-Fr 10:00-12:00,16:00-18:30; Sa 10:00-12:00",Includes Saturday,,,http://ta-block.weebly.com,,,,,http://ta-block.weebly.com,,Web: http://ta-block.weebly.com,wheelchair=limited,52.4955514,13.2968989,"OSM amenity=veterinary, Berlin, snapshot 2025-12-09, via OSMNX","('node', 7326193661)",POINT (13.2968989 52.4955514),True
Lorenz,,,,,,Steglitz-Zehlendorf,11006006,Lichterfelde,602,re_ortsteil.0602,,,Unknown,,,https://www.tierarzt-lichterfelde.de/,,,,,https://www.tierarzt-lichterfelde.de/,,Web: https://www.tierarzt-lichterfelde.de/,,52.4183404,13.3320075,"OSM amenity=veterinary, Berlin, snapshot 2025-12-09, via OSMNX","('node', 7478178484)",POINT (13.3320075 52.4183404),True
Wolf & Tiger,Lauterstraße,12,12159.0,Berlin,"Lauterstraße 12, 12159 Berlin",Tempelhof-Schöneberg,11007007,Friedenau,702,re_ortsteil.0702,,,Unknown,+49 175 7366718,,https://www.wolfandtiger.de/,+49 175 7366718,,,,https://www.wolfandtiger.de/,,Phone: +49 175 7366718 | Web: https://www.wolfandtiger.de/,,52.4726236,13.33503,"OSM amenity=veterinary, Berlin, snapshot 2025-12-09, via OSMNX","('node', 7546074503)",POINT (13.33503 52.4726236),True
Tierarztpraxis Denisse Barrera,Karl-Marx-Straße,133,12043.0,Berlin,"Karl-Marx-Straße 133, 12043 Berlin",Neukölln,11008008,Neukölln,801,re_ortsteil.0801,,Mo-Sa 16:00-20:00,Mon–Sat,+49 30 6812161,,,,+49 30 6812161,,,,,Phone: +49 30 6812161,wheelchair=no,52.4774124,13.439113,"OSM amenity=veterinary, Berlin, snapshot 2025-12-09, via OSMNX","('node', 7609585407)",POINT (13.439113 52.4774124),True
Angelika Weber,Kundrystraße,2,12159.0,Berlin,"Kundrystraße 2, 12159 Berlin",Tempelhof-Schöneberg,11007007,Friedenau,702,re_ortsteil.0702,,"Mo-Sa 10:00-12:00, Tu 16:00-19:00, Su 13:00-14:00",Mon–Sat,,,,,,,,,,,,52.4741292,13.3293259,"OSM amenity=veterinary, Berlin, snapshot 2025-12-09, via OSMNX","('node', 7617449010)",POINT (13.3293259 52.474129199999986),True
Tierarztpraxis S. Lattermann,Transvaalstraße,14,13351.0,Berlin,"Transvaalstraße 14, 13351 Berlin",Mitte,11001001,Wedding,105,re_ortsteil.0105,,"Mo,We 08:00-14:00,13:30-18:30; Tu,Th-Fr 14:00-20:00; PH closed",Unknown,+49 30 45290790,,http://www.tierarzt-wedding.de/,,+49 30 45290790,,,,http://www.tierarzt-wedding.de/,Phone: +49 30 45290790 | Web: http://www.tierarzt-wedding.de/,wheelchair=yes,52.5519001,13.3411969,"OSM amenity=veterinary, Berlin, snapshot 2025-12-09, via OSMNX","('node', 7623775572)",POINT (13.3411969 52.5519001),True
Tierarztpraxis Otto Suhr,,,,,,Charlottenburg-Wilmersdorf,11004004,Charlottenburg,401,re_ortsteil.0401,,Mo-Fr 09:00-19:00,Mon–Fri,,,,,,,,,,,wheelchair=no,52.5150531,13.3130502,"OSM amenity=veterinary, Berlin, snapshot 2025-12-09, via OSMNX","('node', 7643245687)",POINT (13.3130502 52.51505310000001),True
,,,,,,Pankow,11003003,Wilhelmsruh,313,re_ortsteil.0313,,,Unknown,,,,,,,,,,,,52.5877876,13.3651552,"OSM amenity=veterinary, Berlin, snapshot 2025-12-09, via OSMNX","('node', 7746191786)",POINT (13.3651552 52.5877876),False
Tierarztpraxis B. Migdal,Grazer Platz,12,12157.0,Berlin,"Grazer Platz 12, 12157 Berlin",Tempelhof-Schöneberg,11007007,Schöneberg,701,re_ortsteil.0701,,"Mo,We 10:00-16:00; Tu,Th 16:00-20:00; Fr 12:00-18:00",Unknown,,,,,,,,,,,,52.4667894,13.3465937,"OSM amenity=veterinary, Berlin, snapshot 2025-12-09, via OSMNX","('node', 7747019462)",POINT (13.3465937 52.4667894),True
Silke Sanft,Florastraße,6,12163.0,Berlin,"Florastraße 6, 12163 Berlin",Steglitz-Zehlendorf,11006006,Steglitz,601,re_ortsteil.0601,,"Mo,Tu,Th,Fr 09:00-19:00; We,Sa 09:00-12:00",Includes Saturday,,,http://www.tierarztpraxis-sanft.de,,,,,http://www.tierarztpraxis-sanft.de,,Web: http://www.tierarztpraxis-sanft.de,,52.4613066,13.3269746,"OSM amenity=veterinary, Berlin, snapshot 2025-12-09, via OSMNX","('node', 7776123991)",POINT (13.3269746 52.4613066),True
Tierarztpraxis Rex,Südwestkorso,11a,12161.0,Berlin,"Südwestkorso 11a, 12161 Berlin",Tempelhof-Schöneberg,11007007,Friedenau,702,re_ortsteil.0702,,"""Sprechzeiten nach Vereinbarung""",Unknown,,,https://www.rex.app/,,,,,https://www.rex.app/,https://www.tierarztpraxis-schluesing.de/,Web: https://www.rex.app/,wheelchair=no,52.474559,13.3227841,"OSM amenity=veterinary, Berlin, snapshot 2025-12-09, via OSMNX","('node', 7777530635)",POINT (13.3227841 52.474559),True
Tierarztpraxis am Schlachtensee,Breisgauer Straße,3,14129.0,Berlin,"Breisgauer Straße 3, 14129 Berlin",Steglitz-Zehlendorf,11006006,Zehlendorf,604,re_ortsteil.0604,,"Mo-Th 09:00-13:00; We,Fr 14:00-18:00; Sa 10:00-14:00",Includes Saturday,+49 30 80905830,info@tierarztpraxis-am-schlachtensee.de,https://www.tierarztpraxis-am-schlachtensee.de,,+49 30 80905830,info@tierarztpraxis-am-schlachtensee.de,,,https://www.tierarztpraxis-am-schlachtensee.de,Phone: +49 30 80905830 | Email: info@tierarztpraxis-am-schlachtensee.de | Web: https://www.tierarztpraxis-am-schlachtensee.de,,52.4391475,13.215708,"OSM amenity=veterinary, Berlin, snapshot 2025-12-09, via OSMNX","('node', 7813575354)",POINT (13.215708 52.43914749999998),True
Tierarztpraxis am Hermannplatz,Lucy-Lameck-Straße,1,12049.0,Berlin,"Lucy-Lameck-Straße 1, 12049 Berlin",Neukölln,11008008,Neukölln,801,re_ortsteil.0801,,,Unknown,,,https://www.tierarztpraxis-am-hermannplatz.de,,,,,,https://www.tierarztpraxis-am-hermannplatz.de,Web: https://www.tierarztpraxis-am-hermannplatz.de,,52.4863263,13.4233555,"OSM amenity=veterinary, Berlin, snapshot 2025-12-09, via OSMNX","('node', 7937984201)",POINT (13.4233555 52.4863263),True
Dr. L. Chelminski,,,,,,Reinickendorf,11012012,Reinickendorf,1201,re_ortsteil.1201,,"Mo-Tu,Th-Fr,Su 08:30-11:00,15:30-17:30",Includes Sunday,+49 30 4954038,,,+49 30 4954038,,,,,,Phone: +49 30 4954038,wheelchair=no,52.5691003,13.3612016,"OSM amenity=veterinary, Berlin, snapshot 2025-12-09, via OSMNX","('node', 7978440760)",POINT (13.3612016 52.5691003),True
Tierarztpraxis PD Dr. med. vet. Thomas Göbel,Blissestraße,68,10713.0,Berlin,"Blissestraße 68, 10713 Berlin",Charlottenburg-Wilmersdorf,11004004,Wilmersdorf,402,re_ortsteil.0402,,,Unknown,,,https://www.tierarzt-goebel.de/,,,,,https://www.tierarzt-goebel.de/,,Web: https://www.tierarzt-goebel.de/,,52.4789701,13.3200646,"OSM amenity=veterinary, Berlin, snapshot 2025-12-09, via OSMNX","('node', 8000786185)",POINT (13.3200646 52.4789701),True
Berliner Tierarztpraxis,Mansfelder Straße,19,10713.0,Berlin,"Mansfelder Straße 19, 10713 Berlin",Charlottenburg-Wilmersdorf,11004004,Wilmersdorf,402,re_ortsteil.0402,,,Unknown,,,https://www.berliner-tierarztpraxis.de/,,,,,https://www.berliner-tierarztpraxis.de/,,Web: https://www.berliner-tierarztpraxis.de/,,52.4888413,13.3110131,"OSM amenity=veterinary, Berlin, snapshot 2025-12-09, via OSMNX","('node', 8068408243)",POINT (13.3110131 52.4888413),True
Naturheilkunde für Tiere,Bornimer Straße,6,10711.0,Berlin,"Bornimer Straße 6, 10711 Berlin",Charlottenburg-Wilmersdorf,11004004,Halensee,407,re_ortsteil.0407,,,Unknown,,,,,,,,,,,,52.4961991,13.2853794,"OSM amenity=veterinary, Berlin, snapshot 2025-12-09, via OSMNX","('node', 8068513185)",POINT (13.2853794 52.496199099999984),True
Tierärztliche Gemeinschaftspraxis Blessing & Richter,Quickborner Straße,76,13439.0,Berlin,"Quickborner Straße 76, 13439 Berlin",Reinickendorf,11012012,Märkisches Viertel,1210,re_ortsteil.1210,,Mo-Fr 09:00-19:00; Sa 09:00-11:00; Su off,Mon–Fri,+49 30 40710151,info@ta-blessing-richter.de,https://ta-blessing-richter.de/,,+49 30 40710151,,info@ta-blessing-richter.de,,https://ta-blessing-richter.de/,Phone: +49 30 40710151 | Email: info@ta-blessing-richter.de | Web: https://ta-blessing-richter.de/,,52.6045044,13.3664162,"OSM amenity=veterinary, Berlin, snapshot 2025-12-09, via OSMNX","('node', 8330198884)",POINT (13.3664162 52.6045044),True
Katharina Dralle,Rotdornstraße,7,12161.0,Berlin,"Rotdornstraße 7, 12161 Berlin",Tempelhof-Schöneberg,11007007,Friedenau,702,re_ortsteil.0702,,,Unknown,+49 30 8527705,,https://www.dr-dralle-berlin.de/,,+49 30 8527705,,,,https://www.dr-dralle-berlin.de/,Phone: +49 30 8527705 | Web: https://www.dr-dralle-berlin.de/,,52.4709098,13.3254977,"OSM amenity=veterinary, Berlin, snapshot 2025-12-09, via OSMNX","('node', 8330236501)",POINT (13.3254977 52.4709098),True
Tierarztpraxis Matthias Müller,Berliner Straße,11,13467.0,Berlin,"Berliner Straße 11, 13467 Berlin",Reinickendorf,11012012,Hermsdorf,1206,re_ortsteil.1206,,"Mo-Fr 11:00-13:00, 18:00-20:00; Sa-Su11:00-13:00; PH 11:00-13:00",Mon–Fri,+49 30 4034440,,https://tierarzt-matthiasmueller.de/,+49 30 4034440,,,,https://tierarzt-matthiasmueller.de/,,Phone: +49 30 4034440 | Web: https://tierarzt-matthiasmueller.de/,wheelchair=yes,52.6139984,13.316783,"OSM amenity=veterinary, Berlin, snapshot 2025-12-09, via OSMNX","('node', 8357625079)",POINT (13.316783 52.6139984),True
Tierarztpraxis Galina Schirow GmbH,Bartningallee,5,10557.0,Berlin,"Bartningallee 5, 10557 Berlin",Mitte,11001001,Hansaviertel,103,re_ortsteil.0103,,"Mo-Fr 10:00-13:00,16:00-19:00",Mon–Fri,+49 30 39886966,,https://www.vetpraxis-schirow.de/,+49 30 39886966,,,,https://www.vetpraxis-schirow.de/,,Phone: +49 30 39886966 | Web: https://www.vetpraxis-schirow.de/,wheelchair=limited,52.5189471,13.3427257,"OSM amenity=veterinary, Berlin, snapshot 2025-12-09, via OSMNX","('node', 8579480418)",POINT (13.3427257 52.5189471),True
Dr. Kurt Helmich;Dr. Dieter Oelke,Kufsteiner Straße,22,10825.0,Berlin,"Kufsteiner Straße 22, 10825 Berlin",Charlottenburg-Wilmersdorf,11004004,Wilmersdorf,402,re_ortsteil.0402,,,Unknown,,,https://tiermedizinzentrum.de/,,,,,https://tiermedizinzentrum.de/,,Web: https://tiermedizinzentrum.de/,,52.4854474,13.3367552,"OSM amenity=veterinary, Berlin, snapshot 2025-12-09, via OSMNX","('node', 8691573555)",POINT (13.3367552 52.4854474),True
Am Schlosspark,,,,,,Pankow,11003003,Niederschönhausen,311,re_ortsteil.0311,,"Mo-Fr 10:00-12:00,16:00-19:00; Sa 10:00-12:00",Mon–Fri,+49 30 475 316 93,,https://tierarzt-schlosspark.de/,,+49 30 475 316 93,,,,https://tierarzt-schlosspark.de/,Phone: +49 30 475 316 93 | Web: https://tierarzt-schlosspark.de/,,52.5826045,13.40387,"OSM amenity=veterinary, Berlin, snapshot 2025-12-09, via OSMNX","('node', 8844721918)",POINT (13.40387 52.5826045),True
Tierärztliche Gemeinschaftspraxis für Kleintiere,Birnhornweg,3,12107.0,Berlin,"Birnhornweg 3, 12107 Berlin",Tempelhof-Schöneberg,11007007,Mariendorf,704,re_ortsteil.0704,,,Unknown,,,,,,,,,,,,52.4240806,13.3948851,"OSM amenity=veterinary, Berlin, snapshot 2025-12-09, via OSMNX","('node', 8850856432)",POINT (13.3948851 52.4240806),True
Tierärzte-Kreuzberg,Liegnitzer Straße,19,10999.0,Berlin,"Liegnitzer Straße 19, 10999 Berlin",Friedrichshain-Kreuzberg,11002002,Kreuzberg,202,re_ortsteil.0202,,"Mo-Fr 10:00-24:00,16:00-20:00; PH,Sa,Su 10:00-24:00",Mon–Fri,+49 30 6126474,tierarztpraxis.liegnitzerstr@t-online.de,http://www.tieraerzte-kreuzberg.de,,+49 30 6126474,,tierarztpraxis.liegnitzerstr@t-online.de,,http://www.tieraerzte-kreuzberg.de,Phone: +49 30 6126474 | Email: tierarztpraxis.liegnitzerstr@t-online.de | Web: http://www.tieraerzte-kreuzberg.de,,52.4929733,13.4338357,"OSM amenity=veterinary, Berlin, snapshot 2025-12-09, via OSMNX","('node', 9038458603)",POINT (13.4338357 52.4929733),True
Tierarztpraxis Dr. Dirk Mauch,Elsa-Brändström-Straße,13,13189.0,Berlin,"Elsa-Brändström-Straße 13, 13189 Berlin",Pankow,11003003,Pankow,307,re_ortsteil.0307,,,Unknown,+49 30 4710133,,http://www.elsavet.de/,+49 30 4710133,,,,http://www.elsavet.de/,,Phone: +49 30 4710133 | Web: http://www.elsavet.de/,wheelchair=yes,52.5600099,13.4154386,"OSM amenity=veterinary, Berlin, snapshot 2025-12-09, via OSMNX","('node', 9166121510)",POINT (13.4154386 52.56000989999998),True
Tierarztpraxis am Amalienpark,,,,,,Pankow,11003003,Pankow,307,re_ortsteil.0307,,"Mo,Tu,Th 09:00-12:00,15:00-18:00; We 09:00-12:00; Fr 09:00-15:00",Unknown,,,https://www.tierarztpraxis-amalienpark.de/,,,,,https://www.tierarztpraxis-amalienpark.de/,,Web: https://www.tierarztpraxis-amalienpark.de/,wheelchair=no,52.5721186,13.4135786,"OSM amenity=veterinary, Berlin, snapshot 2025-12-09, via OSMNX","('node', 9221860122)",POINT (13.4135786 52.57211860000001),True
Tierarztpraxis Sarah Watson,Altenbraker Straße,29,12051.0,Berlin,"Altenbraker Straße 29, 12051 Berlin",Neukölln,11008008,Neukölln,801,re_ortsteil.0801,,"We,Fr 09:00-15:00; Sa 10:00-12:00; Mo 09:00-17:00; Tu,Th 11:00-19:00",Includes Saturday,+49 30 6257209,info@tierarzt-watson.de,https://www.tierarzt-watson.de/,,+49 30 6257209,,info@tierarzt-watson.de,,https://www.tierarzt-watson.de/,Phone: +49 30 6257209 | Email: info@tierarzt-watson.de | Web: https://www.tierarzt-watson.de/,wheelchair=no,52.468653,13.4330363,"OSM amenity=veterinary, Berlin, snapshot 2025-12-09, via OSMNX","('node', 9238314072)",POINT (13.4330363 52.468653),True
4 Pfoten,Fanningerstraße,27,10365.0,Berlin,"Fanningerstraße 27, 10365 Berlin",Lichtenberg,11011011,Lichtenberg,1103,re_ortsteil.1103,,"Mo 09:00-12:00,16:00-18:00; Tu 17:00-20:00; We 09:00-12:00; Th 09:00-12:00,16:00-18:00; Fr 09:00-12:00,14:00-16:00",Unknown,+49 30 553 15 72,,https://www.praxis4pfoten.de/,+49 30 553 15 72,,,,https://www.praxis4pfoten.de/,,Phone: +49 30 553 15 72 | Web: https://www.praxis4pfoten.de/,,52.5143907,13.4951561,"OSM amenity=veterinary, Berlin, snapshot 2025-12-09, via OSMNX","('node', 9396508717)",POINT (13.4951561 52.5143907),True
Tierarztpraxis Friedrichshain,Auerstraße,44,10249.0,Berlin,"Auerstraße 44, 10249 Berlin",Friedrichshain-Kreuzberg,11002002,Friedrichshain,201,re_ortsteil.0201,,Mo 09:00-15:00; Tu-We 12:00-15:00; Th 10:30-15:00; Fr 09:00-15:00,Unknown,+49 30 78 08 34 85,,https://www.tierarztpraxis-friedrichshain.de,+49 30 78 08 34 85,,,,https://www.tierarztpraxis-friedrichshain.de,,Phone: +49 30 78 08 34 85 | Web: https://www.tierarztpraxis-friedrichshain.de,,52.5208823,13.4462478,"OSM amenity=veterinary, Berlin, snapshot 2025-12-09, via OSMNX","('node', 9400600599)",POINT (13.4462478 52.5208823),True
Praxis für Kleintiermedizin Janine Lenk,Eschengraben,47,13189.0,Berlin,"Eschengraben 47, 13189 Berlin",Pankow,11003003,Pankow,307,re_ortsteil.0307,,"Mo,Tu,Th 13:00-19:00; We 17:00-21:00; Fr 10:00-14:00",Unknown,+49 30 91203200,,https://www.kleintiermedizin-lenk.de,,+49 30 91203200,,,,https://www.kleintiermedizin-lenk.de,Phone: +49 30 91203200 | Web: https://www.kleintiermedizin-lenk.de,,52.556357,13.4245524,"OSM amenity=veterinary, Berlin, snapshot 2025-12-09, via OSMNX","('node', 9432134789)",POINT (13.4245524 52.556357),True
Peter Vogel,Finowstraße,14,,,Finowstraße 14,Friedrichshain-Kreuzberg,11002002,Friedrichshain,201,re_ortsteil.0201,,"Tu, We 10:00-15:00; Th 10:00-12:00; Mo, Fr 10:00-12:00, 16:00-19:00",Unknown,+49 30 29776835,,https://www.drpetervogel.de/,+49 30 29776835,,,,https://www.drpetervogel.de/,,Phone: +49 30 29776835 | Web: https://www.drpetervogel.de/,,52.5111185,13.4668484,"OSM amenity=veterinary, Berlin, snapshot 2025-12-09, via OSMNX","('node', 9456247850)",POINT (13.4668484 52.5111185),True
Dr. Karin Block,Zimmermannstraße,16,12163.0,Berlin,"Zimmermannstraße 16, 12163 Berlin",Steglitz-Zehlendorf,11006006,Steglitz,601,re_ortsteil.0601,,,Unknown,,,,,,,,,,,,52.4607219,13.3195225,"OSM amenity=veterinary, Berlin, snapshot 2025-12-09, via OSMNX","('node', 9461140241)",POINT (13.3195225 52.46072189999999),True
Tierarztpraxis im Komponistenviertel,Bizetstraße,48,13088.0,Berlin,"Bizetstraße 48, 13088 Berlin",Pankow,11003003,Weißensee,302,re_ortsteil.0302,,Mo-Sa 10:00-12:00; Mo-Tu 16:00-19:00; Th-Fr 16:00-19:00,Mon–Sat,+49309273441,,https://www.tierarztpraxis-peters-weissensee.de/,+49309273441,,,,https://www.tierarztpraxis-peters-weissensee.de/,,Phone: +49309273441 | Web: https://www.tierarztpraxis-peters-weissensee.de/,,52.5476848,13.4541052,"OSM amenity=veterinary, Berlin, snapshot 2025-12-09, via OSMNX","('node', 9516282788)",POINT (13.4541052 52.547684799999985),True
Tierarztpraxis Lankwitz,Bruchwitzstraße,30,12247.0,Berlin,"Bruchwitzstraße 30, 12247 Berlin",Steglitz-Zehlendorf,11006006,Lankwitz,603,re_ortsteil.0603,,"Mo-Tu,Th-Fr 10:00-13:00,15:00-18:00; We,Sa 09:00-12:00",Includes Saturday,+49 30 77208260,info@tierarztpraxis-lankwitz.de,https://www.tierarztpraxis-lankwitz.de/,+49 30 77208260,,info@tierarztpraxis-lankwitz.de,,https://www.tierarztpraxis-lankwitz.de/,,Phone: +49 30 77208260 | Email: info@tierarztpraxis-lankwitz.de | Web: https://www.tierarztpraxis-lankwitz.de/,wheelchair=limited,52.4370703,13.349587,"OSM amenity=veterinary, Berlin, snapshot 2025-12-09, via OSMNX","('node', 9653871480)",POINT (13.349587 52.4370703),True
Tierärztliche Praxis Beck,Weichselstraße,25,12045.0,Berlin,"Weichselstraße 25, 12045 Berlin",Neukölln,11008008,Neukölln,801,re_ortsteil.0801,,"Mo-Fr 09:00-11:00,15:00-19:00",Mon–Fri,+49 30 6239664,,,,+49 30 6239664,,,,,Phone: +49 30 6239664,wheelchair=no,52.4870325,13.4368022,"OSM amenity=veterinary, Berlin, snapshot 2025-12-09, via OSMNX","('node', 9786575482)",POINT (13.4368022 52.4870325),True
Tierarztpraxis Marion Bickert,Marchandstraße,38,12249.0,Berlin,"Marchandstraße 38, 12249 Berlin",Steglitz-Zehlendorf,11006006,Lankwitz,603,re_ortsteil.0603,,"Mo-Fr 09:00-11:00,16:00-18:00; Sa 09:30-10:30",Mon–Fri,+49 30 7755462,office@tierarztpraxis-bickert.de,https://www.tierarztpraxis-bickert.de,,+49 30 7755462,,office@tierarztpraxis-bickert.de,,https://www.tierarztpraxis-bickert.de,Phone: +49 30 7755462 | Email: office@tierarztpraxis-bickert.de | Web: https://www.tierarztpraxis-bickert.de,,52.4227865,13.3566908,"OSM amenity=veterinary, Berlin, snapshot 2025-12-09, via OSMNX","('node', 9880855648)",POINT (13.3566908 52.4227865),True
Teresa Lankes,,,,,,Charlottenburg-Wilmersdorf,11004004,Charlottenburg,401,re_ortsteil.0401,,"Mo,We,Fr 09:00-11:00, Mo-Fr 16:00-18:00",Mon–Fri,,,,,,,,,,,,52.5133005,13.2937818,"OSM amenity=veterinary, Berlin, snapshot 2025-12-09, via OSMNX","('node', 10003860025)",POINT (13.2937818 52.5133005),True
Patrick O. Bolz,,,,,,Neukölln,11008008,Britz,802,re_ortsteil.0802,,"Mo-Fr 10:00-12:00,16:00-19:00; PH,Sa,Su 10:00-12:00",Mon–Fri,,,,,,,,,,,,52.4564344,13.4367908,"OSM amenity=veterinary, Berlin, snapshot 2025-12-09, via OSMNX","('node', 10169596123)",POINT (13.4367908 52.4564344),True
Tierarztpraxis Kaulsdorf-Süd,,,,,,Marzahn-Hellersdorf,11010010,Kaulsdorf,1003,re_ortsteil.1003,,"Tu,Th,Sa 10:00-12:00, Mo,Tu,Th 15:00-20:00, We,Fr 15:00-19:00; PH off",Includes Saturday,+49 30 5666176,juraske@tierarztpraxis-kaulsdorf-sued.de,https://tierarztpraxis-kaulsdorf-sued.de/,+49 30 5666176,,juraske@tierarztpraxis-kaulsdorf-sued.de,,https://tierarztpraxis-kaulsdorf-sued.de/,,Phone: +49 30 5666176 | Email: juraske@tierarztpraxis-kaulsdorf-sued.de | Web: https://tierarztpraxis-kaulsdorf-sued.de/,,52.486422,13.5746936,"OSM amenity=veterinary, Berlin, snapshot 2025-12-09, via OSMNX","('node', 10169838053)",POINT (13.5746936 52.486422),True
Tierarztpraxis Gasteiner Straße,Gasteiner Straße,33,10717.0,Berlin,"Gasteiner Straße 33, 10717 Berlin",Charlottenburg-Wilmersdorf,11004004,Wilmersdorf,402,re_ortsteil.0402,,,Unknown,,,https://tierarztpraxis-gasteiner-strasse.de/,,,,,https://tierarztpraxis-gasteiner-strasse.de/,,Web: https://tierarztpraxis-gasteiner-strasse.de/,,52.4872926,13.3259046,"OSM amenity=veterinary, Berlin, snapshot 2025-12-09, via OSMNX","('node', 10180980038)",POINT (13.3259046 52.4872926),True
,,,,,,Marzahn-Hellersdorf,11010010,Mahlsdorf,1004,re_ortsteil.1004,,,Unknown,,,,,,,,,,,,52.4873166,13.6046801,"OSM amenity=veterinary, Berlin, snapshot 2025-12-09, via OSMNX","('node', 10781978832)",POINT (13.6046801 52.4873166),False
Valera,,,,,,Steglitz-Zehlendorf,11006006,Zehlendorf,604,re_ortsteil.0604,,24/7,Unknown,,,https://valera.vet/,,,,,https://valera.vet/,,Web: https://valera.vet/,,52.4338095,13.2466898,"OSM amenity=veterinary, Berlin, snapshot 2025-12-09, via OSMNX","('node', 10816474165)",POINT (13.2466898 52.4338095),True
Tierarztpraxis am Tierheim Berlin,Hausvaterweg,39,,,Hausvaterweg 39,Lichtenberg,11011011,Falkenberg,1104,re_ortsteil.1104,,"Mo-Fr 10:00-20:00; Sa,Su 10:00-17:00; PH 11:00-14:00",Mon–Fri,+493093662200,info@tierarztpraxis-am-tierheim.de,https://tierarztpraxis-am-tierheim.de/,+493093662200,,info@tierarztpraxis-am-tierheim.de,,https://tierarztpraxis-am-tierheim.de/,,Phone: +493093662200 | Email: info@tierarztpraxis-am-tierheim.de | Web: https://tierarztpraxis-am-tierheim.de/,,52.5743133,13.5465736,"OSM amenity=veterinary, Berlin, snapshot 2025-12-09, via OSMNX","('node', 10944187119)",POINT (13.5465736 52.574313299999986),True
Praxis für Tierzahnheilkunde,Soorstraße,76,14050.0,Berlin,"Soorstraße 76, 14050 Berlin",Charlottenburg-Wilmersdorf,11004004,Westend,405,re_ortsteil.0405,,"""nach Vereinbarung""",Unknown,,,https://rux.vet/,,,,,https://rux.vet/,,Web: https://rux.vet/,,52.5134999,13.2774866,"OSM amenity=veterinary, Berlin, snapshot 2025-12-09, via OSMNX","('node', 10946259246)",POINT (13.2774866 52.5134999),True
Tierarztpraxis Birkenstein  Dr. med. vet H. Fuhrmann und Team,,,,,,Marzahn-Hellersdorf,11010010,Mahlsdorf,1004,re_ortsteil.1004,,"Mo-Fr 09:30-11:00, Mo,Tu,Th,Fr 16:30-19:00, Sa 14:00-16:00",Mon–Fri,,,,,,,,,,,,52.5211838,13.6465809,"OSM amenity=veterinary, Berlin, snapshot 2025-12-09, via OSMNX","('node', 10956712577)",POINT (13.6465809 52.5211838),True
Tierarztpraxis Alt-Buch,Alt-Buch,57,13125.0,Berlin,"Alt-Buch 57, 13125 Berlin",Pankow,11003003,Buch,309,re_ortsteil.0309,,"Mo,Fr 09:00-16:00; Tu-Th 09:00-12:00, Tu,Th 16:00-19:00; Sa[1] 10:00-12:00; PH off",Includes Saturday,+4930 911 42 778,,https://www.tierarztpraxis-alt-buch.de/,+4930 911 42 778,,,,https://www.tierarztpraxis-alt-buch.de/,,Phone: +4930 911 42 778 | Web: https://www.tierarztpraxis-alt-buch.de/,,52.636563,13.5022262,"OSM amenity=veterinary, Berlin, snapshot 2025-12-09, via OSMNX","('node', 11008683231)",POINT (13.5022262 52.636563),True
Ute Teutenberg,,,,,,Spandau,11005005,Falkenhagener Feld,508,re_ortsteil.0508,,"Mo-Fr 08:00-12:00,15:00-18:00; We 08:00-12:00,17:00-20:00",Mon–Fri,+49 30 37588910,,,+49 30 37588910,,,,,,Phone: +49 30 37588910,wheelchair=no,52.5507862,13.1685048,"OSM amenity=veterinary, Berlin, snapshot 2025-12-09, via OSMNX","('node', 11052551506)",POINT (13.1685048 52.5507862),True
Tierarzt Bello & Co.,,,,,,Neukölln,11008008,Rudow,804,re_ortsteil.0804,,,Unknown,,,https://belloundco.de/,,,,,https://belloundco.de/,,Web: https://belloundco.de/,,52.425741,13.4838753,"OSM amenity=veterinary, Berlin, snapshot 2025-12-09, via OSMNX","('node', 11101616402)",POINT (13.4838753 52.425741),True
Tierarztpraxis Dr. Pollmann,Berliner Straße,17,,,Berliner Straße 17,Steglitz-Zehlendorf,11006006,Zehlendorf,604,re_ortsteil.0604,,"Tu, Th 09:00-15:00; We, Fr 13:00-19:00; Sa 11:00-16:00",Includes Saturday,+493081099440,,https://tierarztpraxis-pollmann.de,+493081099440,,,,https://tierarztpraxis-pollmann.de,,Phone: +493081099440 | Web: https://tierarztpraxis-pollmann.de,,52.4361962,13.2660844,"OSM amenity=veterinary, Berlin, snapshot 2025-12-09, via OSMNX","('node', 11201794003)",POINT (13.2660844 52.43619619999998),True
Dr. Fenina + Burwieck,Manteuffelstraße,74,12103.0,,"Manteuffelstraße 74, 12103",Tempelhof-Schöneberg,11007007,Tempelhof,703,re_ortsteil.0703,,,Unknown,+493063314227,,https://meintierarzt.berlin,+493063314227,,,,https://meintierarzt.berlin,,Phone: +493063314227 | Web: https://meintierarzt.berlin,,52.4678078,13.3783605,"OSM amenity=veterinary, Berlin, snapshot 2025-12-09, via OSMNX","('node', 11313866984)",POINT (13.3783605 52.46780780000001),True
Rex,,,,,,Friedrichshain-Kreuzberg,11002002,Friedrichshain,201,re_ortsteil.0201,,Mo-Fr 08:00-20:00,Mon–Fri,,,https://www.rex.app/,,,,,https://www.rex.app/,,Web: https://www.rex.app/,wheelchair=yes,52.5073508,13.4569833,"OSM amenity=veterinary, Berlin, snapshot 2025-12-09, via OSMNX","('node', 11345799891)",POINT (13.4569833 52.5073508),True
Tierärztliche Gemeinschaftspraxis,Hohenzollerndamm,185,10713.0,Berlin,"Hohenzollerndamm 185, 10713 Berlin",Charlottenburg-Wilmersdorf,11004004,Wilmersdorf,402,re_ortsteil.0402,,,Unknown,,,https://www.tierarztpraxis-berlin.net/,,,,,https://www.tierarztpraxis-berlin.net/,,Web: https://www.tierarztpraxis-berlin.net/,,52.491509,13.3183436,"OSM amenity=veterinary, Berlin, snapshot 2025-12-09, via OSMNX","('node', 11556295677)",POINT (13.3183436 52.491509),True
Rex Tierarztpraxis,Hermannstraße,227,12049.0,Berlin,"Hermannstraße 227, 12049 Berlin",Neukölln,11008008,Neukölln,801,re_ortsteil.0801,,Mo-Sa 08:00-20:00,Mon–Sat,,,,,,,,,,,,52.4807206,13.425592,"OSM amenity=veterinary, Berlin, snapshot 2025-12-09, via OSMNX","('node', 11717159971)",POINT (13.425592 52.4807206),True
Kleintierkardiologie Tempelhof,Burgemeisterstraße,34,12103.0,Berlin,"Burgemeisterstraße 34, 12103 Berlin",Tempelhof-Schöneberg,11007007,Tempelhof,703,re_ortsteil.0703,,Mo-Th 08:00-18:00; PH off,Unknown,+49 30 47006869,,https://www.kardiobewegt.berlin/,+49 30 47006869,,,,https://www.kardiobewegt.berlin/,,Phone: +49 30 47006869 | Web: https://www.kardiobewegt.berlin/,wheelchair=yes,52.4583689,13.3734169,"OSM amenity=veterinary, Berlin, snapshot 2025-12-09, via OSMNX","('node', 11847097396)",POINT (13.3734169 52.4583689),True
Tierarztpraxis Kutzner,Zum Kappgraben,13,13125.0,Berlin,"Zum Kappgraben 13, 13125 Berlin",Pankow,11003003,Karow,305,re_ortsteil.0305,,"Mo-We,Fr 09:00-12:00,16:30-19:30; Th,Sa 09:00-12:00",Includes Saturday,+49 30 94382030,,https://tierarzt-kutzner.de/,+49 30 94382030,,,,https://tierarzt-kutzner.de/,,Phone: +49 30 94382030 | Web: https://tierarzt-kutzner.de/,,52.6164598,13.4890268,"OSM amenity=veterinary, Berlin, snapshot 2025-12-09, via OSMNX","('node', 11985547873)",POINT (13.4890268 52.6164598),True
"Tierarztpraxis - Dr. med. vet. Dirk Emmelmann, Dr. med. vet. Albrecht Fengler",Max-Beer-Straße,7,,,Max-Beer-Straße 7,Mitte,11001001,Mitte,101,re_ortsteil.0101,,"Mo, Tu, Th, Fr 09:00-12:00, 15:00-19:00; We 15:00-19:00",Unknown,+49 30 2426512,,https://www.augentierarzt-berlin.de,+49 30 2426512,,,,https://www.augentierarzt-berlin.de,,Phone: +49 30 2426512 | Web: https://www.augentierarzt-berlin.de,wheelchair=no,52.5251722,13.408013,"OSM amenity=veterinary, Berlin, snapshot 2025-12-09, via OSMNX","('node', 12108668170)",POINT (13.408013 52.5251722),True
Tierarztpraxis & Katzenbetreuung am Botanischen Garten,Tietzenweg,23,,,Tietzenweg 23,Steglitz-Zehlendorf,11006006,Lichterfelde,602,re_ortsteil.0602,,"Mo, We 10:00-19:00; Tu, Th 08:30-14:00; Sa 10:00-12:00; Fr 10:00-14:00",Includes Saturday,+49 30 32294480,,https://www.tierarztpraxis-botanischergarten.de,+49 30 32294480,,,,https://www.tierarztpraxis-botanischergarten.de,,Phone: +49 30 32294480 | Web: https://www.tierarztpraxis-botanischergarten.de,,52.4456015,13.3020665,"OSM amenity=veterinary, Berlin, snapshot 2025-12-09, via OSMNX","('node', 12219145454)",POINT (13.3020665 52.4456015),True
Janine Bräuer,Krüllsstraße,5,12435.0,Berlin,"Krüllsstraße 5, 12435 Berlin",Treptow-Köpenick,11009009,Alt-Treptow,901,re_ortsteil.0901,,"Mo 10:00-12:00,13:00-16:00; Tu 16:00-19:00; We 12:00-17:00; Fr,Sa 10:00-12:00; Th,Su off",Includes weekend,,,,,,,,,,,,52.4922101,13.447823,"OSM amenity=veterinary, Berlin, snapshot 2025-12-09, via OSMNX","('node', 12238881093)",POINT (13.447823 52.4922101),True
Tierärztezentrum Birte Nannen,Schlierbacher Weg,5,12349.0,Berlin,"Schlierbacher Weg 5, 12349 Berlin",Neukölln,11008008,Buckow,803,re_ortsteil.0803,,,Unknown,+49 30 25 92 17 88,,https://www.tieraerztezentrum-nannen.de,+49 30 25 92 17 88,,,,https://www.tieraerztezentrum-nannen.de,,Phone: +49 30 25 92 17 88 | Web: https://www.tieraerztezentrum-nannen.de,,52.4160917,13.4047411,"OSM amenity=veterinary, Berlin, snapshot 2025-12-09, via OSMNX","('node', 12793397931)",POINT (13.4047411 52.41609169999999),True
Praxis für Kleine Haustiere Dr. Niels Lösch,,,,,,Lichtenberg,11011011,Alt-Hohenschönhausen,1110,re_ortsteil.1110,,"Mo-We, Fr 10:00-12:00; Mo, Tu, Th 16:00-19:00; Fr 16:00-18:00; Sa 11:00-12:30",Includes Saturday,+49309866411,info@tierarzt-drloesch.de,https://tierarzt-drloesch.de,+49309866411,,,info@tierarzt-drloesch.de,https://tierarzt-drloesch.de,,Phone: +49309866411 | Email: info@tierarzt-drloesch.de | Web: https://tierarzt-drloesch.de,,52.5399544,13.4849492,"OSM amenity=veterinary, Berlin, snapshot 2025-12-09, via OSMNX","('node', 12849196704)",POINT (13.4849492 52.5399544),True
Dr. Pastor,Brüsseler Straße,52a,13353.0,Berlin,"Brüsseler Straße 52a, 13353 Berlin",Mitte,11001001,Wedding,105,re_ortsteil.0105,,"Mo-Fr 09:00-11:00,16:00-19:00; Sa,Su 14:00-16:00",Mon–Fri,,,https://www.tierarztpraxis-pastor.de/,,,,,https://www.tierarztpraxis-pastor.de/,,Web: https://www.tierarztpraxis-pastor.de/,,52.5486928,13.3531883,"OSM amenity=veterinary, Berlin, snapshot 2025-12-09, via OSMNX","('node', 12851066023)",POINT (13.3531883 52.54869279999998),True
Sonnenberg,,,,,,Treptow-Köpenick,11009009,Rahnsdorf,912,re_ortsteil.0912,,,Unknown,,,,,,,,,,,,52.4406394,13.6866147,"OSM amenity=veterinary, Berlin, snapshot 2025-12-09, via OSMNX","('node', 12877756489)",POINT (13.6866147 52.4406394),True
Tierarztpraxis am Wasserturm,Rykestraße,4,10405.0,,"Rykestraße 4, 10405",Pankow,11003003,Prenzlauer Berg,301,re_ortsteil.0301,,,Unknown,,,https://www.tierarztpraxis-wasserturm.de/,,,,,https://www.tierarztpraxis-wasserturm.de/,,Web: https://www.tierarztpraxis-wasserturm.de/,,52.5350637,13.419688,"OSM amenity=veterinary, Berlin, snapshot 2025-12-09, via OSMNX","('node', 12989186501)",POINT (13.419688 52.5350637),True
Haveldüne,Gatower Straße,131,,,Gatower Straße 131,Spandau,11005005,Wilhelmstadt,509,re_ortsteil.0509,,,Unknown,+49 30 362 91 07,,https://www.tierarztpraxis-havelduene.de,+49 30 362 91 07,,,,https://www.tierarztpraxis-havelduene.de,,Phone: +49 30 362 91 07 | Web: https://www.tierarztpraxis-havelduene.de,,52.508699,13.180438,"OSM amenity=veterinary, Berlin, snapshot 2025-12-09, via OSMNX","('node', 13169469903)",POINT (13.180438 52.508699),True
Praxis für Vögel & Reptilien,Berliner Str.,69,14169.0,Berlin,"Berliner Str. 69, 14169 Berlin",Steglitz-Zehlendorf,11006006,Zehlendorf,604,re_ortsteil.0604,,"Mo 09:00-13:00; Tu 15:00-19:00; We 09:00-13:00,15:00-19:00; Th 09:00-13:00; Fr 09:00-13:00,15:00-19:00",Unknown,+4930 847 257 38,,https://www.vogel-tierarzt.de,+4930 847 257 38,,,,https://www.vogel-tierarzt.de,,Phone: +4930 847 257 38 | Web: https://www.vogel-tierarzt.de,,52.4399433,13.2754078,"OSM amenity=veterinary, Berlin, snapshot 2025-12-09, via OSMNX","('node', 13188941112)",POINT (13.2754078 52.4399433),True
Tierartzpraxis Sybille Schickert,,,,,,Reinickendorf,11012012,Wittenau,1209,re_ortsteil.1209,,,Unknown,,,,,,,,,,,,52.5937039,13.3282999,"OSM amenity=veterinary, Berlin, snapshot 2025-12-09, via OSMNX","('node', 13344679483)",POINT (13.3282999 52.5937039),True
Roux,,,,,,Spandau,11005005,Kladow,506,re_ortsteil.0506,,,Unknown,,,https://www.tierarztpraxis-roux.de/,,,,,https://www.tierarztpraxis-roux.de/,,Web: https://www.tierarztpraxis-roux.de/,,52.452648,13.139175,"OSM amenity=veterinary, Berlin, snapshot 2025-12-09, via OSMNX","('node', 13358308355)",POINT (13.139175 52.452648),True
Das Veterinärmedizinische Zentrum Berlin,Scharnweberstraße,136,13405.0,Berlin,"Scharnweberstraße 136, 13405 Berlin",Reinickendorf,11012012,Reinickendorf,1201,re_ortsteil.1201,,24/7,Unknown,+49 30 4127357,info@vetzentrum-berlin.de,https://www.vetzentrum-berlin.de/,+49 30 4127357,,info@vetzentrum-berlin.de,,https://www.vetzentrum-berlin.de/,,Phone: +49 30 4127357 | Email: info@vetzentrum-berlin.de | Web: https://www.vetzentrum-berlin.de/,,52.56383603380803,13.325898385003244,"OSM amenity=veterinary, Berlin, snapshot 2025-12-09, via OSMNX","('way', 24921047)",POINT (13.325898385003244 52.56383603380803),True
Zete Marton,Alt-Reinickendorf,37,13407.0,Berlin,"Alt-Reinickendorf 37, 13407 Berlin",Reinickendorf,11012012,Reinickendorf,1201,re_ortsteil.1201,,"Mo-Fr 09:00-12:00, Mo,Th 16:00-19:00, Tu,We,Fr 15:00-18:00",Mon–Fri,,,,,,,,,,,wheelchair=no,52.57484167749068,13.351276845633086,"OSM amenity=veterinary, Berlin, snapshot 2025-12-09, via OSMNX","('way', 28608972)",POINT (13.351276845633086 52.57484167749068),True
Tierärztlichen Klinik für Kleintiere,Märkische Allee,258,12679.0,Berlin,"Märkische Allee 258, 12679 Berlin",Marzahn-Hellersdorf,11010010,Marzahn,1001,re_ortsteil.1001,,24/7,Unknown,,,https://www.tierklinik-in-berlin.de/,,,,,https://www.tierklinik-in-berlin.de/,,Web: https://www.tierklinik-in-berlin.de/,wheelchair=yes,52.55555539479237,13.553247578348108,"OSM amenity=veterinary, Berlin, snapshot 2025-12-09, via OSMNX","('way', 71173694)",POINT (13.553247578348108 52.55555539479237),True
Tierarztpraxis Kathrin Böhm,Robert-Siewert-Straße,90,10318.0,Berlin,"Robert-Siewert-Straße 90, 10318 Berlin",Lichtenberg,11011011,Karlshorst,1102,re_ortsteil.1102,,"Th 10:00-18:00; Tu,We 10:00-19:00; Fr 10:00-15:00; Mo 10:00-17:00",Unknown,+49 30 32669736,,,+49 30 32669736,,,,,,Phone: +49 30 32669736,wheelchair=limited,52.49264998370056,13.536918159788865,"OSM amenity=veterinary, Berlin, snapshot 2025-12-09, via OSMNX","('way', 89101208)",POINT (13.536918159788863 52.49264998370056),True
Tierartzpraxis Gotthardt,Winkler Straße,21,14193.0,Berlin,"Winkler Straße 21, 14193 Berlin",Charlottenburg-Wilmersdorf,11004004,Grunewald,404,re_ortsteil.0404,,,Unknown,,,,,,,,,,,,52.487615697246845,13.266615867092089,"OSM amenity=veterinary, Berlin, snapshot 2025-12-09, via OSMNX","('way', 117230559)",POINT (13.266615867092089 52.487615697246845),True
Tierklinik Berlin-Biesdorf,Alt-Biesdorf,22,12683.0,Berlin,"Alt-Biesdorf 22, 12683 Berlin",Marzahn-Hellersdorf,11010010,Biesdorf,1002,re_ortsteil.1002,emergency,"Mo-Fr 08:00-13:00,15:00-20:00; Sa 09:00-12:00",Mon–Fri,+49 30 5143760,,https://www.tierklinik-in-biesdorf.de/,+49 30 5143760,,,,https://www.tierklinik-in-biesdorf.de/,,Phone: +49 30 5143760 | Web: https://www.tierklinik-in-biesdorf.de/,wheelchair=no,52.50873002300115,13.55573553414166,"OSM amenity=veterinary, Berlin, snapshot 2025-12-09, via OSMNX","('way', 163836866)",POINT (13.55573553414166 52.508730023001156),True
Tierarztpraxis Dr. Christine Mueller,Südekumzeile,26E,13591.0,Berlin,"Südekumzeile 26E, 13591 Berlin",Spandau,11005005,Staaken,504,re_ortsteil.0504,,,Unknown,+49 30 366 0128,christinemueller.berlin@web.de,http://tierarztpraxis-spandau.de/,,+49 30 366 0128,,christinemueller.berlin@web.de,,http://tierarztpraxis-spandau.de/,Phone: +49 30 366 0128 | Email: christinemueller.berlin@web.de | Web: http://tierarztpraxis-spandau.de/,,52.53114943497109,13.148550095436324,"OSM amenity=veterinary, Berlin, snapshot 2025-12-09, via OSMNX","('way', 286010852)",POINT (13.148550095436324 52.53114943497109),True
