id,@id,name,addr:street,addr:housenumber,addr:postcode,addr:city,phone,contact:phone,website,contact:website,email,contact:email,opening_hours,operator,lor_id,district_name,neighborhood_name,lat,lon
way/24921047,way/24921047,Das Veterinärmedizinische Zentrum Berlin,Scharnweberstraße,136,13405,Berlin,+49 30 4127357,,https://www.vetzentrum-berlin.de/,,info@vetzentrum-berlin.de,,24/7,Kai S. Rödiger,re_ortsteil.1201,Reinickendorf,Reinickendorf,52.5638362,13.325898
way/28608972,way/28608972,Zete Marton,Alt-Reinickendorf,37,13407,Berlin,,,,,,,"Mo-Fr 09:00-12:00, Mo,Th 16:00-19:00, Tu,We,Fr 15:00-18:00",,re_ortsteil.1201,Reinickendorf,Reinickendorf,52.5748484,13.3512788
way/71173694,way/71173694,Tierärztlichen Klinik für Kleintiere,Märkische Allee,258,12679,Berlin,,,https://www.tierklinik-in-berlin.de/,,,,24/7,,re_ortsteil.1001,Marzahn-Hellersdorf,Marzahn,52.5555554,13.5532476
way/89101208,way/89101208,Tierarztpraxis Kathrin Böhm,Robert-Siewert-Straße,90,10318,Berlin,+49 30 32669736,,,,,,"Th 10:00-18:00; Tu,We 10:00-19:00; Fr 10:00-15:00; Sa 10:00-15:00; Mo 10:00-17:00",Kathrin Böhm,re_ortsteil.1102,Lichtenberg,Karlshorst,52.4926507,13.5369169
way/117230559,way/117230559,Tierartzpraxis Gotthardt,Winkler Straße,21,14193,Berlin,,,,,,,,,re_ortsteil.0404,Charlottenburg-Wilmersdorf,Grunewald,52.4876219,13.2666057
way/163836866,way/163836866,Tierklinik Berlin-Biesdorf,Alt-Biesdorf,22,12683,Berlin,+49 30 5143760,,https://www.tierklinik-in-biesdorf.de/,,,,"Mo-Fr 08:00-13:00,15:00-20:00; Sa 09:00-12:00",,re_ortsteil.1002,Marzahn-Hellersdorf,Biesdorf,52.5087193,13.5557349
node/268917040,node/268917040,Tierarztpraxis am Urban,Baerwaldstraße,69,10961,Berlin,,,,,,,"Mo-Sa 10:00-12:00, Mo 17:00-19:00, Tu,We,Fr 16:00-18:00, Th 17:00-19:00",,re_ortsteil.0202,Friedrichshain-Kreuzberg,Kreuzberg,52.4956842,13.4052329
way/286010852,way/286010852,Tierarztpraxis Dr. Christine Mueller,Südekumzeile,26E,13591,Berlin,,+49 30 366 0128,,http://tierarztpraxis-spandau.de/,,christinemueller.berlin@web.de,,,re_ortsteil.0504,Spandau,Staaken,52.5311495,13.1485473
node/299795048,node/299795048,Dr. med. vet. Elke Hartwig,Straße 48,67,13125,Berlin,+49 30 9437820,,http://www.tierarztpraxis-hartwig.de/,,,,"Mo,Tu,Th,Fr 10:00-12:00, Mo-Fr 15:00-18:00",,re_ortsteil.0305,Pankow,Karow,52.6062863,13.4795548
node/347294456,node/347294456,Tierarztpraxis Dr. Bernhard Sörensen,Königsberger Straße,36,12207,Berlin,+49 30 7738321,,https://www.tierarztpraxis-soerensen.de/,,,,"Mo-Fr 09:00-20:00; Sa, Su 10:00-18:00",,re_ortsteil.0602,Steglitz-Zehlendorf,Lichterfelde,52.4297216,13.3201326
node/394867279,node/394867279,Tierarztpraxis Jeanette Koepsel,,,,,,,,,,,,,re_ortsteil.0503,Spandau,Siemensstadt,52.5351995,13.2705734
node/411550894,node/411550894,Kleintierarztpraxis Berlin Kaulsdorf,Planitzstraße,19,12621,Berlin,+49 30 53018585,,https://www.tierarzt-kaulsdorf.de/,,info@tierarzt-kaulsdorf.de,,"Mo-Fr 09:00-19:00 open ""tel. Terminvereinbarung erforderlich"", week 01-53/2 Sa 09:00-12:00 open ""tel. Terminvereinbarung erforderlich""; Dec 23-26 off; Dec 31-Jan 02 off; PH off",Dr. Berit Miels;Dr. Mathias Kochert,re_ortsteil.1003,Marzahn-Hellersdorf,Kaulsdorf,52.5095114,13.5896353
node/581887970,node/581887970,Eva Klein,,,,,,,,,,,,,re_ortsteil.0606,Steglitz-Zehlendorf,Nikolassee,52.4288173,13.1935291
node/603392630,node/603392630,Klein- und Heimtierklinik,Oertzenweg,19b,14163,Berlin,,,https://www.vetmed.fu-berlin.de/einrichtungen/kliniken/we20/index.html,,,,"Mo-Fr 09:00-13:00,14:00-16:00",Freie Universität Berlin,re_ortsteil.0604,Steglitz-Zehlendorf,Zehlendorf,52.4302981,13.2373596
node/702363921,node/702363921,Tierarztpraxis im Frauenviertel - Firchow,,,,,,,,,,,"Mo-Fr 10:00-12:00, Mo,Tu,Th 17:00-19:00, Fr 16:00-18:00",,re_ortsteil.0804,Neukölln,Rudow,52.4042597,13.5071658
node/703135335,node/703135335,Kleintierpraxis Kladow,Zingerleweg,29,14089,Berlin,,+49 30 3653374,,http://www.kleintierpraxis-kladow.de,,info@kleintierpraxis-kladow.de,,,re_ortsteil.0506,Spandau,Kladow,52.4608878,13.121554
node/978560965,node/978560965,Carsten Schiller,Schnellerstraße,97,12439,Berlin,,,,,,,"Mo,Tu 10:00-12:00,15:00-18:00; We 15:00-18:00; Th;Fr 10:00-12:00,15:00-18:00",,re_ortsteil.0905,Treptow-Köpenick,Niederschöneweide,52.4531078,13.5245669
node/1003123264,node/1003123264,Tierarztpraxis Dr. C. Lewandowski und Dr. S. Klug,,,,,,,https://www.lewandowski-klug.de/,,,,,,re_ortsteil.0803,Neukölln,Buckow,52.4232758,13.4367554
node/1069431810,node/1069431810,Gabriele C. Müller,Brunowstraße,39,13507,Berlin,+49304343116,,https://www.tieraerztin-berlin.com/,,,,"Mo,Tu,Th,Fr 10:00-12:00,17:00-19:00, We 17:00-18:00, Sa 12:00-13:00",,re_ortsteil.1202,Reinickendorf,Tegel,52.5870846,13.2811455
node/1139485719,node/1139485719,Tierarztpraxis Feuerbachstraße,Feuerbachstraße,68,12163,Berlin,+49 30 855 40 50,,,,,,Mo-Su 09:00-12:00; Mo-Fr 16:00-20:00,Dr. med. vet. A. Sillinger;Dr. med. vet. A. Bahr,re_ortsteil.0601,Steglitz-Zehlendorf,Steglitz,52.464411,13.3395319
node/1158920335,node/1158920335,Tierarztpraxis Kammbach,Schweizer Tal,55,13127,Berlin,+4930 47 48 12 20,,https://www.tierarztpraxis-kammbach.de/,,,,,,re_ortsteil.0310,Pankow,Französisch Buchholz,52.6074605,13.41982
node/1169112227,node/1169112227,Tierarztpraxis am Velodrom,Conrad-Blenkle-Straße,4,10407,Berlin,,+493042085005,,http://www.tierarztpraxis-am-velodrom.de/,,,"Mo,Th 12:00-19:00; Tu,Fr 09:00-15:00; We,Sa 09:00-12:00",,re_ortsteil.0301,Pankow,Prenzlauer Berg,52.5281462,13.4501959
node/1244610778,node/1244610778,Dipl.-vet.-med. Jörg Porada,,,,,,,,,,,,,re_ortsteil.0101,Mitte,Mitte,52.5121271,13.4195273
node/1247761224,node/1247761224,Tierarztpraxis,,,,,,,,,,,"Mo,Tu,Th,Fr 09:30-11:00,16:30-19:00; We 17:00-20:00; Sa 10:00-12:00",,re_ortsteil.1111,Lichtenberg,Fennpfuhl,52.5290099,13.4684992
node/1309566310,node/1309566310,Bella brazil waxing studio,,,,,,,,,,,,,re_ortsteil.1209,Reinickendorf,Wittenau,52.5958722,13.3349653
node/1352697273,node/1352697273,DVM J. Rafael,,,,,,,,,,,"Mo,We 09:00-12:00,15:00-19:00, Tu,Th 09:00-11:00,14:00-18:00, Fr 09:00-12:00, Sa 09:00-11:00",,re_ortsteil.0301,Pankow,Prenzlauer Berg,52.5525185,13.4154857
node/1387989062,node/1387989062,Dr. König,,,,,,,,,,,"Mo-Sa 10:00-12:00; Mo,Tu,Th,Fr 16:00-18:00",,re_ortsteil.0403,Charlottenburg-Wilmersdorf,Schmargendorf,52.4789793,13.2848224
node/1431365727,node/1431365727,,,,,,,,,,,,,,re_ortsteil.0403,Charlottenburg-Wilmersdorf,Schmargendorf,52.478761,13.2825498
node/1444862410,node/1444862410,Flidais,Buschkrugallee,206,12359,Berlin,,,https://www.flidais-vet.de,,,,,,re_ortsteil.0802,Neukölln,Britz,52.4463278,13.4543051
node/1464419364,node/1464419364,Ullrich Mattke,Gäblerstraße,5,13086,Berlin,,,,,,,"Mo-Th 09:00-12:00,15:00-19:00; Sa 10:00-12:00; Fr 09:00-12:00,15:00-17:00",,re_ortsteil.0302,Pankow,Weißensee,52.5536467,13.4483752
node/1492682203,node/1492682203,,Bruno-Baum-Straße,75,12685,Berlin,,,,,,,,,re_ortsteil.1001,Marzahn-Hellersdorf,Marzahn,52.5355029,13.5426037
node/1504191018,node/1504191018,Tierarztpraxis O.C. Lombardi,Britzer Damm,13,12347,Berlin,+49 30 6251547,,https://www.lombardi-berlin.de/,,,,"Mo-Sa 10:00-12:00, Mo,Th 16:00-19:00, Tu,Fr 16:00-18:00",,re_ortsteil.0802,Neukölln,Britz,52.4617945,13.4350014
node/1607627062,node/1607627062,Naturheilpraxis Dr. Hanik,,,,,,,,,,,,,re_ortsteil.0504,Spandau,Staaken,52.5303117,13.1363236
node/1766858344,node/1766858344,Tierarztpraxis Tanja Lück,Ernststraße,59,13509,Berlin,+493043726783,,https://www.tanja-lueck.de/,,,,"Mo-We 09:00-13:00,16:00-19:00; Th 15:00-20:00; Fr 09:00-13:00,16:00-19:00; PH off",,re_ortsteil.1211,Reinickendorf,Borsigwalde,52.5838893,13.3006927
node/1791397445,node/1791397445,Tierarzt-Praxis Ralf Boxhammer,,,,,,,,,,,"Mo,We 09:00-12:00; Tu,Th,Fr 14:00-17:00; Sa,Su 11:00-13:00",,re_ortsteil.0910,Treptow-Köpenick,Köpenick,52.4544641,13.5780156
node/1832317052,node/1832317052,Tierarztpraxis Michael Voigt,Ernststraße,9,12437,Berlin,+49 30 532 9481,,https://tierarzt-voigt.de/,,,,"Mo 09:00-12:00,15:00-18:00; Tu 13:00-18:00; We 09:00-12:00; Th 09:00-12:00,15:00-18:00; Fr 13:00-18:00",,re_ortsteil.0903,Treptow-Köpenick,Baumschulenweg,52.465439,13.4889671
node/1882067156,node/1882067156,filu,Olivaer Platz,15,10707,Berlin,,,,,,,,,re_ortsteil.0401,Charlottenburg-Wilmersdorf,Charlottenburg,52.4998738,13.3142714
node/1905963733,node/1905963733,Tierarztpraxis Bärenwiese/ Tiernotarzt Berlin,Uhlandstraße,151,10719,Berlin,,+49 30 23362627,,https://www.tierarzt-baerenwiese.de/,,,"Mo 08:00-20:00; Tu-Fr 10:00-20:00; Sa,Su 10:00-13:00",,re_ortsteil.0402,Charlottenburg-Wilmersdorf,Wilmersdorf,52.497396,13.3245464
node/1914085674,node/1914085674,Tierarztpraxis am Bundesplatz,Detmolder Straße,3,10715,Berlin,,,,,,,"Mo,Tu,Th,Fr 09:00-12:00,16:00-18:00; We 09:00-11:00; Sa 10:00-12:00",,re_ortsteil.0402,Charlottenburg-Wilmersdorf,Wilmersdorf,52.4788705,13.3269233
node/1965863459,node/1965863459,"Dr. Demmler, Dr. Wehming",Wiener Straße,25,10999,Berlin,,,,,,,"Mo-Fr 10:00-12:00,16:00-19:00; Sa 10:00-12:00; Su 10:00-11:00",,re_ortsteil.0202,Friedrichshain-Kreuzberg,Kreuzberg,52.4969564,13.4325994
node/1978736705,node/1978736705,Tierarzt Scheibner,Dörpfeldstraße,46,12489,Berlin,+49 30 677 54 03,,https://www.tierarzt-adlershof.de/,,,,"Mo-Sa 09:00-11:00; Mo,We 16:00-18:30; Tu 18:30-20:30; Fr 16:00-18:00; PH off  || ""Nach Vereinbarung""",,re_ortsteil.0907,Treptow-Köpenick,Adlershof,52.4380728,13.5481783
node/2000251280,node/2000251280,Tierarztpraxis am Lietzenseepark,Riehlstraße,3,14057,Berlin,+49 30 3215058,,https://tierarztpraxis-am-lietzenseepark.de/,,mail@tierarztpraxis-am-lietzenseepark.de,,"Mo-Fr 09:00-12:00 16:00-19:00, Sa 11:00-13:00, Mo-Fr 12:00-16:00 ""nur mit Voranmeldung""",Tierarztpraxis am Lietzenseepark GmbH,re_ortsteil.0401,Charlottenburg-Wilmersdorf,Charlottenburg,52.509309,13.2859209
node/2018939619,node/2018939619,Tierarztpraxis Dr. H. Brieger,,,,,,+49 30 8015852,,https://www.dr-brieger.de,,,"Mo-We, Fr 09:30-11:00,16:00-19:00; Th 16:00-19:00; Sa 09:30-11:00",,re_ortsteil.0604,Steglitz-Zehlendorf,Zehlendorf,52.431227,13.2561565
node/2021286582,node/2021286582,Esther Bartels,,,,,,,,,,,,,re_ortsteil.0401,Charlottenburg-Wilmersdorf,Charlottenburg,52.503473,13.3067983
node/2099577566,node/2099577566,Tierarztpraxis Dr. Veit-Uwe Stuhrberg,Bernulfstraße,43-45,12524,Berlin,+49 30 6723384,,https://www.tierarztpraxis-altglienicke.de/,,,,"Mo,Tu,Th,Fr 09:00-11:00,16:00-19:00; We 09:00-11:00; Sa 09:00-11:00",,re_ortsteil.0906,Treptow-Köpenick,Altglienicke,52.4127843,13.541714
node/2132599964,node/2132599964,Dr. med. vet. Ulrich Bemm,Krummenseer Straße,10,12685,Berlin,+49 30 54378250,,https://www.tierarzt-bemm.de/,,,,"Mo 13:00-18:00, Tu 10:00-15:00; We 10:00-15:00; Th 13:00-18:00; Fr 10:00-15:00",,re_ortsteil.1001,Marzahn-Hellersdorf,Marzahn,52.541678,13.5721215
node/2136188609,node/2136188609,Tierarztpraxis Vesmes,Blumberger Damm,158,12685,Berlin,+49309340440,,https://www.tierarztpraxis-vesmes.de,,info@tierarztpraxis-vesmes.de,,"Mo 09:00-12:00, 16:00-20:00; Tu 09:00-12:00, 16:00-20:00; We 16:00-20:00; Th 09:00-12:00, 16:00-20:00; Fr 09:00-12:00, 16:00-20:00",Joel Vesmes,re_ortsteil.1001,Marzahn-Hellersdorf,Marzahn,52.54542,13.5719026
node/2303053618,node/2303053618,,,,,,,,,,,,,,re_ortsteil.0501,Spandau,Spandau,52.5477287,13.2022574
node/2332698000,node/2332698000,Flick,,,,,,,,,,,Mo-Sa 17:00-19:00,,re_ortsteil.0602,Steglitz-Zehlendorf,Lichterfelde,52.4178034,13.3061609
node/2420872095,node/2420872095,Dr. Wolfgang Hoffmann,,,,,,,,,,,"Mo-Fr 10:00-12:00,15:00-18:00",,re_ortsteil.0102,Mitte,Moabit,52.5286363,13.3412782
node/2444304869,node/2444304869,Kleintierpraxis Dr. Jana Pohlenz,Sabinensteig,15,13053,Berlin,,,http://www.kleintierpraxis-pohlenz.de,,,,,,re_ortsteil.1110,Lichtenberg,Alt-Hohenschönhausen,52.5490713,13.4937991
node/2444308316,node/2444308316,Tierarzt Dr. Niels Lösch,Am Faulen See,54,13053,Berlin,,,,,,,,,re_ortsteil.1110,Lichtenberg,Alt-Hohenschönhausen,52.5535045,13.49705
node/2509134926,node/2509134926,Praxis im Märchenviertel,,,,,+49 30 6574725,,http://www.tierpraxis-rudelt.de/,,tierarzt@tierpraxis-rudelt.de,,"Mo 14:00-18:00, Tu,Th 09:00-12:00, We 15:00-19:00; PH off",Anette Rudelt,re_ortsteil.0910,Treptow-Köpenick,Köpenick,52.4617784,13.5859364
node/2525117416,node/2525117416,Medivet Berlin Pankow,Pasewalker Straße,25,13127,Berlin,+49 30 47469232,,https://www.medivetgroup.com/de-de/tierarzt/berlin-pankow,,,,Mo-Fr 09:00-19:00; Sa 09:00-16:00; Su 11:00-13:00,,re_ortsteil.0310,Pankow,Französisch Buchholz,52.5883891,13.429743
node/2674384521,node/2674384521,Tierarztpraxis Tempelhof,,,,,,,,,,,,,re_ortsteil.0704,Tempelhof-Schöneberg,Mariendorf,52.4478307,13.3865847
node/2746780787,node/2746780787,Dr. med. vet. Jeanette Sagawe,Steglitzer Damm,30,12169,Berlin,+49 30 7951435,,https://www.tieraerzte-steglitz.de,,info@tieraerzte-steglitz.de,,"Mo-Fr 09:00-13:00,16:00-20:00; Sa 10:00-16:00",,re_ortsteil.0601,Steglitz-Zehlendorf,Steglitz,52.4505337,13.3410324
node/2952593533,node/2952593533,Bania,Kremnitzufer,2,,,+49308051172,,,,,,,,re_ortsteil.0607,Steglitz-Zehlendorf,Wannsee,52.396095,13.161149
node/3065368552,node/3065368552,Tierarztpraxis Dr. Koch,Lichtenrader Damm,39,12305,Berlin,+49 30 67 03 76 57,,http://www.tierarztpraxis-koch.de/,,koch@tierarztpraxis-koch.de,,"Mo,We,Fr 09:00-14:00; Tu,Th 15:00-20:00",Dr. Christian Koch,re_ortsteil.0706,Tempelhof-Schöneberg,Lichtenrade,52.4107877,13.403669
node/3080776284,node/3080776284,Tierärzliche Praxis am Lützowufer,Lützowufer,26,10787,Berlin,,,,,,,,,re_ortsteil.0104,Mitte,Tiergarten,52.5061832,13.3494203
node/3098125229,node/3098125229,Kleintierpraxis in der Torstraße,,,,,,,,,,,,,re_ortsteil.0101,Mitte,Mitte,52.5288283,13.4082068
node/3133634694,node/3133634694,Praxis Tierzuliebe,Edisonstraße,63,12459,Berlin,+49 30 535 38 00,,https://tierarztinberlin.de/,,,,"Mo,Tu,Th,Fr 10:00-18:00; Sa 10:00-14:00; Su 11:00-13:00",Miriam Bertram,re_ortsteil.0909,Treptow-Köpenick,Oberschöneweide,52.4614933,13.5131144
node/3178164316,node/3178164316,Dirk Trimpe,Bahnhofstraße,3,12159,Berlin,+49 30 8521920,,http://www.tierarztpraxis-trimpe.de/,,,,"Mo-Sa 10:00-12:30, Mo,Tu,Th,Fr 17:00-19:00",,re_ortsteil.0701,Tempelhof-Schöneberg,Schöneberg,52.4699319,13.3395083
node/3284006061,node/3284006061,Tierarztpraxis Andrea Reich,Holländerstraße,95,13407,Berlin,+49304557051,,https://www.tierarztpraxis-reinickendorf.de/,,,,"Mo 10:00-18:00; Th,Fr 10:00-16:00; Tu 10:00-14:00; We 14:00-18:00",Andrea Reich,re_ortsteil.0105,Mitte,Wedding,52.561957,13.353401
node/3393786475,node/3393786475,Tierarztpraxis,,,,,+49 30 40534618,,,,,,"Mo,We,Th 09:30-13:00; Tu,Fr 15:00-19:00; Sa 09:00-11:00",,re_ortsteil.1202,Reinickendorf,Tegel,52.5769899,13.2792318
node/3444597275,node/3444597275,Tierarztpraxis am Südkreuz,Gustav-Müller-Straße,19,10829,Berlin,,,https://www.tierarztpraxis-am-suedkreuz.de/,,,,"Mo-Fr 10:00-12:00, Mo,We 16:00-19:00, Tu,Th,Fr 16:00-18:00",,re_ortsteil.0701,Tempelhof-Schöneberg,Schöneberg,52.4807694,13.3623013
node/3649210316,node/3649210316,Tierarztpraxis an den Allee-Arcaden,Greifenhagener Straße,45,10437,Berlin,,+49 30 30361381,https://www.tierarztpraxis-allee-arcaden.de/,,,,"Mo,Tu,Th 09:00-12:00,16:00-18:00; Fr 09:00-12:00",Anne Gamalski,re_ortsteil.0301,Pankow,Prenzlauer Berg,52.5496022,13.4168501
node/3694035418,node/3694035418,Tierarztpraxis Dr. med. vet. Gerald Schmid,Eisenacher Straße,40,10781,Berlin,+49 30 211 17 79,,http://doctor-dolittle.de,,,,"Mo-We,Fr 10:00-14:00; Th 15:00-18:00",Dr. med. vet. Gerald Schmid,re_ortsteil.0701,Tempelhof-Schöneberg,Schöneberg,52.4897742,13.3488645
node/3754655246,node/3754655246,Tierarzt Dr. Ferencz,Elberfelder Straße,3,10555,Berlin,,,http://www.tierarztpraxis-moabit.de,,,,"""'Weiter Terminsprechstunde. Bitte rufen Sie an 030-3988 9278'""",,re_ortsteil.0102,Mitte,Moabit,52.5241824,13.3359576
node/3786067403,node/3786067403,Tierarztpraxis Tierlieb,Preußenallee,40,14052,Berlin,,,,,,,"Mo-Fr 09:00-13:00, Mo,Tu,Th 14:00-18:00; Sa 09:30-11:00",Frau Annette Oehler,re_ortsteil.0405,Charlottenburg-Wilmersdorf,Westend,52.5154998,13.2608183
node/3826013974,node/3826013974,Tierarztpraxis am Nollendorfplatz,Nollendorfstraße,20,10777,Berlin,,+49 30 2167711,,http://hund-katze-vogel.de/,,,"Mo-Tu 10:00-12:00,17:00-19:00; We 17:00-19:00; Th 10:00-12:00,16:00-18:00; Fr 10:00-14:00; Sa ""by appointment""",Dr. Petra Birkefeld & Dr. Elisabeth Nolte,re_ortsteil.0701,Tempelhof-Schöneberg,Schöneberg,52.4976524,13.3504475
node/3905732054,node/3905732054,Tierarztpraxis Tobias Krause,,,,,,+49 30 91443116,,http://www.ta-krause.de,,tierarzt@ta-krause.de,"Mo-Fr 09:30-12:00,16:30-19:00; Sa 10:00-12:00",,re_ortsteil.0601,Steglitz-Zehlendorf,Steglitz,52.4459974,13.3307775
node/3906998156,node/3906998156,Tierheilpraxis Kreuzberg,Warschauer Straße,29,10243,Berlin,,,,,,,"Mo,We,Fr 11:00-17:00; Tu,Th 14:00-20:00",,re_ortsteil.0201,Friedrichshain-Kreuzberg,Friedrichshain,52.5097882,13.4509749
node/3911381119,node/3911381119,Katharina Andreas,Hampsteadstraße,7,14167,Berlin,,,,,,,,,re_ortsteil.0604,Steglitz-Zehlendorf,Zehlendorf,52.433136,13.2749799
node/4014948628,node/4014948628,Tierarztpraxis am Wildrosengehölz,Hönower Straße,263,,Berlin,+49 30 99285501,,https://www.tierarztpraxis-mahlsdorf.de/,,info@tierarztpraxis-mahlsdorf.de,,"Mo-Sa 08-20, So (Notfall) 10-16",,re_ortsteil.1004,Marzahn-Hellersdorf,Mahlsdorf,52.5278578,13.6243765
node/4080579671,node/4080579671,Dr. med. vet. Susann Zimmer,Weerthstraße,10,12489,Berlin,+49 30 67 132 67,,,,,,"Mo 10:00-12:00,16:00-18:00, Tu 10:00-12:00,16:00-19:00, We 10:00-12:00, Th 16:00-19:00, Fr 10:00-12:00,16:00-18:00; PH off",,re_ortsteil.0907,Treptow-Köpenick,Adlershof,52.4346817,13.544154
node/4137973040,node/4137973040,Tierpraxis Dr. Gerriets,Morgensternstraße,16,12207,Berlin,+49 30 7724027,,https://www.tierpraxis-drgerriets.de/,,,,"Mo 10:00-13:00,17:00-19:00; Tu 10:00-12:00; We 17:00-19:00; Th 10:00-12:00; Fr 10:00-12:00",,re_ortsteil.0602,Steglitz-Zehlendorf,Lichterfelde,52.4259329,13.3186185
node/4174131466,node/4174131466,Tierarztpraxis Dr. med. vet. Joachim Kirchner,Florastraße,43,13187,Berlin,+49 30 49 50 09 49,,http://www.tierarzt-in-pankow.de/,,info@tierarzt-in-pankow.de,,"Mo-Fr 14:00-18:00; Tu,Th 09:00-12:00,14:00-18:00",Dr. med. vet. Joachim Kirchner,re_ortsteil.0307,Pankow,Pankow,52.5661672,13.4090789
node/4366353588,node/4366353588,Tierarztpraxis Am Westend,,,,,+4930 3228 247,,https://www.tierarztamwestend.de/,,info@tierarztamwestend.de,,"Mo,Tu,Th,Fr 10:00-13:00,17:00-19:00; We,Sa 10:00-13:00",,re_ortsteil.0401,Charlottenburg-Wilmersdorf,Charlottenburg,52.5179456,13.2866144
node/4412304406,node/4412304406,Tierarztpraxis Alexandra Sypitzki,Sesenheimer Straße,15,10627,Berlin,+49 30 78957110,,https://www.tierarztpraxis-sypitzki.de/,,,,Mo-Fr 08:30+,,re_ortsteil.0401,Charlottenburg-Wilmersdorf,Charlottenburg,52.5105206,13.3075345
node/4686885506,node/4686885506,Tierarztpraxis Dr. Dorothea Werning,Lindenthaler Allee,6,14163,Berlin,+49 30 8025009,,https://www.tierarztpraxis-mexikoplatz.de/de/index.html,,,,"Mo, Tu, Th 10:00-13:00, 17:00-19:00; We 10:00-13:00, 17:00-20:00; Fr 10:00-17:00",Dr. Dorothea Werning,re_ortsteil.0604,Steglitz-Zehlendorf,Zehlendorf,52.4358777,13.2310121
node/4709401189,node/4709401189,Tiergesundheitszentrum,,,,,,,,,,,"Mo-Sa 10:00-12:00, Mo-Fr 15:00-19:00, Sa 10:00-12:00; PH off",,re_ortsteil.1101,Lichtenberg,Friedrichsfelde,52.4981659,13.5208894
node/4715820728,node/4715820728,Kleintierpraxis Jan Schneider,Großbeerenstraße,169-171,12277,Berlin,+49 30 29032092,,https://www.kleintierpraxis-schneider.com/,,,,"Mo,We,Fr 10:00-13:00,15:00-19:00; Tu,Th 17:00-21:00; Sa-Su 11:00-14:00",,re_ortsteil.0704,Tempelhof-Schöneberg,Mariendorf,52.428896,13.3758384
node/4789962778,node/4789962778,Tierarztpraxis Oldenburger Straße,Oldenburger Straße,44,10551,Berlin,+49303951555,,https://www.tierarztpraxis-oldenburger-strasse.de,,,,"Mo 10:00-12:00,15:00-18:00; Tu 10:00-14:00,18:00-20:00; We 10:00-12:00,15:00-18:00; Th 10:00-14:00,18:00-20:00; Fr 10:00-12:00,15:00-18:00; Sa 09:00-11:00",,re_ortsteil.0102,Mitte,Moabit,52.5289464,13.3357023
node/4809992565,node/4809992565,Tierarztpraxis am Burgerpark,Wilhelm-Kuhr-Straße,1,13187,Berlin,+49 30 48479400,,https://www.tierarzt-pankow.de/,,,,"Mo,We 14:00-19:00; Tu,Th 09:00-14:00; Fr 10:00-15:00",,re_ortsteil.0307,Pankow,Pankow,52.5694182,13.4001258
node/5029362624,node/5029362624,,Wattstraße,10,13629,,,,,,,,,,re_ortsteil.0503,Spandau,Siemensstadt,52.5373732,13.2664047
node/5090019016,node/5090019016,Tierarztpraxis,Max-Steinke-Straße,2,13086,Berlin,+49 30 9252160,,,,,,"Mo-Fr 09:00-11:00, Mo,Tu,Th,Fr 16:00-18:00, Sa 10:00-12:00",Dr.med.vet. Cordula Nitschke,re_ortsteil.0302,Pankow,Weißensee,52.5488636,13.4513273
node/5166206721,node/5166206721,Kleintierpraxis Ralf Boxhammer,Zingster Straße,5,13051,,+49 30 9206644,,http://www.ta-boxhammer.de,,,,,,re_ortsteil.1109,Lichtenberg,Neu-Hohenschönhausen,52.5640461,13.5033148
node/5190500390,node/5190500390,Tierarztpraxis Ralf Neuer,Fischerinsel,2,10179,Berlin,,,,,,,,,re_ortsteil.0101,Mitte,Mitte,52.5140108,13.408851
node/5297162644,node/5297162644,Vets for cats,Bayerischer Platz,2,10779,Berlin,,+49 30 34398877,,https://www.vetsforcats.de/,,info@vetsforcats.de,"Mo-Fr 09:00-20:00; We 09:00-14:00; Sa,Su 10:00-12:00; PH off",,re_ortsteil.0701,Tempelhof-Schöneberg,Schöneberg,52.4897098,13.3392413
node/5326151790,node/5326151790,Tierarztpraxis Lenk,Schönfließer Straße,1,,,+49304469769,,https://tierarztpraxis-lenk.de/,,info@tierarztpraxis-lenk.de,,"Mo-Fr 08:00-19:00, Sa 09:00-18:00, Su 10:00-18:00",,re_ortsteil.0301,Pankow,Prenzlauer Berg,52.5502349,13.408248
node/5357470034,node/5357470034,Tierarztpraxis am Mauerpark,,,,,,,,,,,Mo-Fr 09:00-19:00,,re_ortsteil.0301,Pankow,Prenzlauer Berg,52.5470756,13.4082736
node/5424941690,node/5424941690,Chung & Wahle,Hauptstraße,89,12159,Berlin,+49 30 8593215,,https://tierarztpraxis-chung-wahle.com/,,info@tierarztpraxis-chung-wahle.com,,"Mo,Fr 09:00-18:00; Tu,Th 09:00-20:00; We,Sa 09:00-14:00",Tierarztpraxis Chung und Wahle GbR,re_ortsteil.0701,Tempelhof-Schöneberg,Schöneberg,52.4751968,13.3401022
node/5514404517,node/5514404517,Tierarztpraxis Dr. Klaus Lendner,,,,,,,,,,,"Mo,Tu,Th,Fr 09:00-12:00,16:00-19:00; We,Sa 09:00-12:00",,re_ortsteil.0701,Tempelhof-Schöneberg,Schöneberg,52.4990938,13.344571
node/5554342322,node/5554342322,Martyna Pohnke Tierarzt,Ostpreußendamm,65,,,+49 30 75765970,,,,,,"Mo-Fr 09:00-12:00, Mo 16:00-19:00, Th 16:00-20:00",,re_ortsteil.0602,Steglitz-Zehlendorf,Lichterfelde,52.4212925,13.3101216
node/5733901242,node/5733901242,Dr. Miriam Oczipka,Mindener Straße,22,10589,Berlin,+49303441864,,,,,,"Mo-Fr 09:00-12:00,16:00-19:00; Sa 11:00-13:00",,re_ortsteil.0401,Charlottenburg-Wilmersdorf,Charlottenburg,52.5247542,13.3008749
node/5762374254,node/5762374254,Dr. med. vet. Sven Albrecht,Baumschulenstraße,34,12437,Berlin,,,,,,,"Mo,We,Fr 09:00-12:00,15:00-19:00; Tu,Th 09:00-12:00,13:00-15:00",,re_ortsteil.0903,Treptow-Köpenick,Baumschulenweg,52.4637752,13.4852571
node/6270311794,node/6270311794,Dr. Wegeler,,,,,+49 307956044,,,,,,"""nach Vereinbarung""",,re_ortsteil.0706,Tempelhof-Schöneberg,Lichtenrade,52.3889212,13.3905608
node/6344954141,node/6344954141,Tierarztpraxis Hohenzollerndamm 3,Hohenzollerndamm,3,10717,Berlin,,+49 30 88679111,,https://tierarztpraxis-hohenzollerndamm-3.de/,,tierarztpraxis@hohenzollerndamm-3.de,"Mo-Tu,Th-Fr 10:00-12:30,17:00-19:00; We 18:00-20:00; Sa 11:00-13:00",Dr. A. Randelhoff,re_ortsteil.0402,Charlottenburg-Wilmersdorf,Wilmersdorf,52.4954404,13.3293192
node/6449519970,node/6449519970,Tierarztpraxis Anke Meeuw,,,,,+49 30 96 59 96 52,,http://www.tierarzt-karlshorst.info/willkommen.html,,praxis@tierarzt-karlshorst.info,,"Mo,We 09:00-19:00; Tu 07:30-14:00; Th 10:00-21:00; Fr 09:00-12:00; Sa 10:00-15:00",,re_ortsteil.1102,Lichtenberg,Karlshorst,52.4800707,13.5205309
node/6470421529,node/6470421529,Tierarztpraxis Sonnenallee,Sonnenallee,204,12059,Berlin,,+49 30 6814455,,https://tierarztpraxis-sonnenallee.de/,,post@tierarztpraxis-sonnenallee.de,"Mo-Fr 09:00-12:00,16:00-20:00; Sa 11:00-13:00 || ""und nach Vereinbarung""",Dr. Jana Kudritzki & Daniel Kitzing,re_ortsteil.0801,Neukölln,Neukölln,52.4748376,13.4534973
node/6509362833,node/6509362833,Tierarztpraxis Laskawy,Bänschstraße,58,,Berlin,+49 30 4267684,,http://www.laskawy-berlin.de,,,,"Mo,We 14:00-19:00; Tu,Th 08:00-13:00; Fr 08:00-13:00,14:00-19:00",,re_ortsteil.0201,Friedrichshain-Kreuzberg,Friedrichshain,52.5177488,13.4661107
node/6603772445,node/6603772445,neko Tiergesundheit,Provinzstraße,47,,,+49 30 54814390,,https://www.neko-tiergesundheit.de,,,,"Mo 15:00-18:00, Tu 10:00-13:00, We 10:00-15:00, Fr 10:00-15:00, Tu 15:00-19:00, Th 15:00-19:00",Jennifer Geiseler,re_ortsteil.1201,Reinickendorf,Reinickendorf,52.5687932,13.3794234
node/6705031970,node/6705031970,Kleintierpraxis Dirk Oschika,Krossener Straße,35A,10245,Berlin,,+49 30 2946333,,http://www.doschika.de/,,,"Mo,Tu,Th 09:00-11:00,15:00-19:00",,re_ortsteil.0201,Friedrichshain-Kreuzberg,Friedrichshain,52.5094514,13.4645357
node/6982811309,node/6982811309,Vogelpraxis,Mierendorffstraße,23,10589,Berlin,,+49 30 34902843,,https://vogelpraxis.de/,,info@vogelpraxis.de,,,re_ortsteil.0401,Charlottenburg-Wilmersdorf,Charlottenburg,52.5241017,13.3024823
node/7211094992,node/7211094992,Rex Tierarztpraxis,Greifswalder Straße,204,10405,Berlin,,,,,,,Mo-Fr 08:00-20:00; Sa 09:00-16:00,,re_ortsteil.0301,Pankow,Prenzlauer Berg,52.5333026,13.4292251
node/7227468226,node/7227468226,Fahrpraxis Feske,Allmendeweg,116,13509,Berlin,,+49 30 40571512,,https://www.tierarzt-feske.de/,,,"Mo-Fr 08:00-20:00 open ""telefonisch erreichbar""",Dr. med. vet. Dana Feske,re_ortsteil.1202,Reinickendorf,Tegel,52.6047279,13.298452
node/7310483025,node/7310483025,Tierarztpraxis Claudia Handke,Danziger Straße,15,10435,Berlin,+49 30 4421760,,https://www.tierarztpraxis-prenzlauerberg.de,,post@tierarztpraxis-prenzlauerberg.de,,"Mo,Th,Fr 10:00-12:00, Tu,We 10:00-15:00, Mo 16:00-20:00, Th 16:00-19:00, Fr 16:00-18:00, Sa 11:00-13:00",,re_ortsteil.0301,Pankow,Prenzlauer Berg,52.5407903,13.4154364
node/7326193661,node/7326193661,Dr. Angelika Block,,,,,,,http://ta-block.weebly.com,,,,"Mo-Tu 10:00-12:00,16:00-18:30; We 16:00-18:30; Th-Fr 10:00-12:00,16:00-18:30; Sa 10:00-12:00",,re_ortsteil.0407,Charlottenburg-Wilmersdorf,Halensee,52.4955514,13.2968989
node/7478178484,node/7478178484,Lorenz,,,,,,,https://www.tierarzt-lichterfelde.de/,,,,,,re_ortsteil.0602,Steglitz-Zehlendorf,Lichterfelde,52.4183404,13.3320075
node/7546074503,node/7546074503,Wolf & Tiger,Lauterstraße,12,12159,Berlin,+49 175 7366718,,https://www.wolfandtiger.de/,,,,,MyVet GmbH,re_ortsteil.0702,Tempelhof-Schöneberg,Friedenau,52.4726236,13.33503
node/7609585407,node/7609585407,Tierarztpraxis Denisse Barrera,Karl-Marx-Straße,133,12043,Berlin,,+49 30 6812161,,,,,Mo-Sa 16:00-20:00,,re_ortsteil.0801,Neukölln,Neukölln,52.4774124,13.439113
node/7617449010,node/7617449010,Angelika Weber,Kundrystraße,2,12159,Berlin,,,,,,,"Mo-Sa 10:00-12:00, Tu 16:00-19:00, Su 13:00-14:00",,re_ortsteil.0702,Tempelhof-Schöneberg,Friedenau,52.4741292,13.3293259
node/7623775572,node/7623775572,Tierarztpraxis S. Lattermann,Transvaalstraße,14,13351,Berlin,,+49 30 45290790,,http://www.tierarzt-wedding.de/,,,"Mo,We 08:00-14:00,13:30-18:30; Tu,Th-Fr 14:00-20:00; PH closed",,re_ortsteil.0105,Mitte,Wedding,52.5519001,13.3411969
node/7643245687,node/7643245687,Tierarztpraxis Otto Suhr,,,,,,,,,,,Mo-Fr 09:00-19:00,,re_ortsteil.0401,Charlottenburg-Wilmersdorf,Charlottenburg,52.5150531,13.3130502
node/7746191786,node/7746191786,,,,,,,,,,,,,,re_ortsteil.0313,Pankow,Wilhelmsruh,52.5877876,13.3651552
node/7747019462,node/7747019462,Tierarztpraxis B. Migdal,Grazer Platz,12,12157,Berlin,,,,,,,"Mo,We 10:00-16:00; Tu,Th 16:00-20:00; Fr 12:00-18:00",,re_ortsteil.0701,Tempelhof-Schöneberg,Schöneberg,52.4667894,13.3465937
node/7776123991,node/7776123991,Silke Sanft,Florastraße,6,12163,Berlin,,,http://www.tierarztpraxis-sanft.de,,,,"Mo,Tu,Th,Fr 09:00-19:00; We,Sa 09:00-12:00",,re_ortsteil.0601,Steglitz-Zehlendorf,Steglitz,52.4613066,13.3269746
node/7777530635,node/7777530635,Tierarztpraxis Rex,Südwestkorso,11a,12161,Berlin,,,https://www.rex.app/,https://www.tierarztpraxis-schluesing.de/,,,"""Sprechzeiten nach Vereinbarung""",,re_ortsteil.0702,Tempelhof-Schöneberg,Friedenau,52.474559,13.3227841
node/7813575354,node/7813575354,Tierarztpraxis am Schlachtensee,Breisgauer Straße,3,14129,Berlin,,+49 30 80905830,,https://www.tierarztpraxis-am-schlachtensee.de,info@tierarztpraxis-am-schlachtensee.de,,"Mo-Th 09:00-13:00; We,Fr 14:00-18:00; Sa 10:00-14:00",Dr. Katharina Gröndahl,re_ortsteil.0604,Steglitz-Zehlendorf,Zehlendorf,52.4391475,13.215708
node/7937984201,node/7937984201,Tierarztpraxis am Hermannplatz,Lucy-Lameck-Straße,1,12049,Berlin,,,,https://www.tierarztpraxis-am-hermannplatz.de,,,,,re_ortsteil.0801,Neukölln,Neukölln,52.4863263,13.4233555
node/7978440760,node/7978440760,Dr. L. Chelminski,,,,,+49 30 4954038,,,,,,"Mo-Tu,Th-Fr,Su 08:30-11:00,15:30-17:30",,re_ortsteil.1201,Reinickendorf,Reinickendorf,52.5691003,13.3612016
node/8000786185,node/8000786185,Tierarztpraxis PD Dr. med. vet. Thomas Göbel,Blissestraße,68,10713,Berlin,,,https://www.tierarzt-goebel.de/,,,,,,re_ortsteil.0402,Charlottenburg-Wilmersdorf,Wilmersdorf,52.4789701,13.3200646
node/8068408243,node/8068408243,Berliner Tierarztpraxis,Mansfelder Straße,19,10713,Berlin,,,https://www.berliner-tierarztpraxis.de/,,,,,Dr. med. vet. S. Heinemann;Beatrix Strathmann,re_ortsteil.0402,Charlottenburg-Wilmersdorf,Wilmersdorf,52.4888413,13.3110131
node/8068513185,node/8068513185,Naturheilkunde für Tiere,Bornimer Straße,6,10711,Berlin,,,,,,,,Petra Clausius,re_ortsteil.0407,Charlottenburg-Wilmersdorf,Halensee,52.4961991,13.2853794
node/8330198884,node/8330198884,Tierärztliche Gemeinschaftspraxis Blessing & Richter,Quickborner Straße,76,13439,Berlin,,+49 30 40710151,,https://ta-blessing-richter.de/,,info@ta-blessing-richter.de,Mo-Fr 09:00-19:00; Sa 09:00-11:00; Su off,,re_ortsteil.1210,Reinickendorf,Märkisches Viertel,52.6045044,13.3664162
node/8330236501,node/8330236501,Katharina Dralle,Rotdornstraße,7,12161,Berlin,,+49 30 8527705,,https://www.dr-dralle-berlin.de/,,,,,re_ortsteil.0702,Tempelhof-Schöneberg,Friedenau,52.4709098,13.3254977
node/8357625079,node/8357625079,Tierarztpraxis Matthias Müller,Berliner Straße,11,13467,Berlin,+49 30 4034440,,https://tierarzt-matthiasmueller.de/,,,,"Mo-Fr 11:00-13:00, 18:00-20:00; Sa-Su11:00-13:00; PH 11:00-13:00",,re_ortsteil.1206,Reinickendorf,Hermsdorf,52.6139984,13.316783
node/8579480418,node/8579480418,Tierarztpraxis Galina Schirow GmbH,Bartningallee,5,10557,Berlin,+49 30 39886966,,https://www.vetpraxis-schirow.de/,,,,"Mo-Fr 10:00-13:00,16:00-19:00",,re_ortsteil.0103,Mitte,Hansaviertel,52.5189471,13.3427257
node/8691573555,node/8691573555,Dr. Kurt Helmich;Dr. Dieter Oelke,Kufsteiner Straße,22,10825,Berlin,,,https://tiermedizinzentrum.de/,,,,,,re_ortsteil.0402,Charlottenburg-Wilmersdorf,Wilmersdorf,52.4854474,13.3367552
node/8844721918,node/8844721918,Am Schlosspark,,,,,,+49 30 475 316 93,,https://tierarzt-schlosspark.de/,,,"Mo-Fr 10:00-12:00,16:00-19:00; Sa 10:00-12:00",,re_ortsteil.0311,Pankow,Niederschönhausen,52.5826045,13.40387
node/8850856432,node/8850856432,Tierärztliche Gemeinschaftspraxis für Kleintiere,Birnhornweg,3,12107,Berlin,,,,,,,,Thomas Hübner;Birte Nannen,re_ortsteil.0704,Tempelhof-Schöneberg,Mariendorf,52.4240806,13.3948851
node/9038458603,node/9038458603,Tierärzte-Kreuzberg,Liegnitzer Straße,19,10999,Berlin,,+49 30 6126474,,http://www.tieraerzte-kreuzberg.de,,tierarztpraxis.liegnitzerstr@t-online.de,"Mo-Fr 10:00-24:00,16:00-20:00; PH,Sa,Su 10:00-24:00",,re_ortsteil.0202,Friedrichshain-Kreuzberg,Kreuzberg,52.4929733,13.4338357
node/9166121510,node/9166121510,Tierarztpraxis Dr. Dirk Mauch,Elsa-Brändström-Straße,13,13189,Berlin,+49 30 4710133,,http://www.elsavet.de/,,,,,Dr. Dirk Mauch,re_ortsteil.0307,Pankow,Pankow,52.5600099,13.4154386
node/9221860122,node/9221860122,Tierarztpraxis am Amalienpark,,,,,,,https://www.tierarztpraxis-amalienpark.de/,,,,"Mo,Tu,Th 09:00-12:00,15:00-18:00; We 09:00-12:00; Fr 09:00-15:00",,re_ortsteil.0307,Pankow,Pankow,52.5721186,13.4135786
node/9238314072,node/9238314072,Tierarztpraxis Sarah Watson,Altenbraker Straße,29,12051,Berlin,,+49 30 6257209,,https://www.tierarzt-watson.de/,,info@tierarzt-watson.de,"We,Fr 09:00-15:00; Sa 10:00-12:00; Mo 09:00-17:00; Tu,Th 11:00-19:00",,re_ortsteil.0801,Neukölln,Neukölln,52.468653,13.4330363
node/9396508717,node/9396508717,4 Pfoten,Fanningerstraße,27,10365,Berlin,+49 30 553 15 72,,https://www.praxis4pfoten.de/,,,,"Mo 09:00-12:00,16:00-18:00; Tu 17:00-20:00; We 09:00-12:00; Th 09:00-12:00,16:00-18:00; Fr 09:00-12:00,14:00-16:00",,re_ortsteil.1103,Lichtenberg,Lichtenberg,52.5143907,13.4951561
node/9400600599,node/9400600599,Tierarztpraxis Friedrichshain,Auerstraße,44,10249,Berlin,+49 30 78 08 34 85,,https://www.tierarztpraxis-friedrichshain.de,,,,Mo 09:00-15:00; Tu-We 12:00-15:00; Th 10:30-15:00; Fr 09:00-15:00,,re_ortsteil.0201,Friedrichshain-Kreuzberg,Friedrichshain,52.5208823,13.4462478
node/9432134789,node/9432134789,Praxis für Kleintiermedizin Janine Lenk,Eschengraben,47,13189,Berlin,,+49 30 91203200,,https://www.kleintiermedizin-lenk.de,,,"Mo,Tu,Th 13:00-19:00; We 17:00-21:00; Fr 10:00-14:00",,re_ortsteil.0307,Pankow,Pankow,52.556357,13.4245524
node/9456247850,node/9456247850,Peter Vogel,Finowstraße,14,,,+49 30 29776835,,https://www.drpetervogel.de/,,,,"Tu, We 10:00-15:00; Th 10:00-12:00; Mo, Fr 10:00-12:00, 16:00-19:00",,re_ortsteil.0201,Friedrichshain-Kreuzberg,Friedrichshain,52.5111185,13.4668484
node/9461140241,node/9461140241,Dr. Karin Block,Zimmermannstraße,16,12163,Berlin,,,,,,,,,re_ortsteil.0601,Steglitz-Zehlendorf,Steglitz,52.4607219,13.3195225
node/9516282788,node/9516282788,Tierarztpraxis im Komponistenviertel,Bizetstraße,48,13088,Berlin,+49309273441,,https://www.tierarztpraxis-peters-weissensee.de/,,,,Mo-Sa 10:00-12:00; Mo-Tu 16:00-19:00; Th-Fr 16:00-19:00,Dr. med. vet Anja Peters,re_ortsteil.0302,Pankow,Weißensee,52.5476848,13.4541052
node/9653871480,node/9653871480,Tierarztpraxis Lankwitz,Bruchwitzstraße,30,12247,Berlin,+49 30 77208260,,https://www.tierarztpraxis-lankwitz.de/,,info@tierarztpraxis-lankwitz.de,,"Mo-Tu,Th-Fr 10:00-13:00,15:00-18:00; We,Sa 09:00-12:00",,re_ortsteil.0603,Steglitz-Zehlendorf,Lankwitz,52.4370703,13.349587
node/9786575482,node/9786575482,Tierärztliche Praxis Beck,Weichselstraße,25,12045,Berlin,,+49 30 6239664,,,,,"Mo-Fr 09:00-11:00,15:00-19:00",,re_ortsteil.0801,Neukölln,Neukölln,52.4870325,13.4368022
node/9880855648,node/9880855648,Tierarztpraxis Marion Bickert,Marchandstraße,38,12249,Berlin,,+49 30 7755462,,https://www.tierarztpraxis-bickert.de,,office@tierarztpraxis-bickert.de,"Mo-Fr 09:00-11:00,16:00-18:00; Sa 09:30-10:30",,re_ortsteil.0603,Steglitz-Zehlendorf,Lankwitz,52.4227865,13.3566908
node/10003860025,node/10003860025,Teresa Lankes,,,,,,,,,,,"Mo,We,Fr 09:00-11:00, Mo-Fr 16:00-18:00",,re_ortsteil.0401,Charlottenburg-Wilmersdorf,Charlottenburg,52.5133005,13.2937818
node/10169596123,node/10169596123,Patrick O. Bolz,,,,,,,,,,,"Mo-Fr 10:00-12:00,16:00-19:00; PH,Sa,Su 10:00-12:00",,re_ortsteil.0802,Neukölln,Britz,52.4564344,13.4367908
node/10169838053,node/10169838053,Tierarztpraxis Kaulsdorf-Süd,,,,,+49 30 5666176,,https://tierarztpraxis-kaulsdorf-sued.de/,,juraske@tierarztpraxis-kaulsdorf-sued.de,,"Tu,Th,Sa 10:00-12:00, Mo,Tu,Th 15:00-20:00, We,Fr 15:00-19:00; PH off",Friederike Juraske,re_ortsteil.1003,Marzahn-Hellersdorf,Kaulsdorf,52.486422,13.5746936
node/10180980038,node/10180980038,Tierarztpraxis Gasteiner Straße,Gasteiner Straße,33,10717,Berlin,,,https://tierarztpraxis-gasteiner-strasse.de/,,,,,Dr. Heike Hübner;Dr. Carolin Hallmann,re_ortsteil.0402,Charlottenburg-Wilmersdorf,Wilmersdorf,52.4872926,13.3259046
node/10781978832,node/10781978832,,,,,,,,,,,,,,re_ortsteil.1004,Marzahn-Hellersdorf,Mahlsdorf,52.4873166,13.6046801
node/10816474165,node/10816474165,Valera,,,,,,,https://valera.vet/,,,,24/7,,re_ortsteil.0604,Steglitz-Zehlendorf,Zehlendorf,52.4338095,13.2466898
node/10944187119,node/10944187119,Tierarztpraxis am Tierheim Berlin,Hausvaterweg,39,,,+493093662200,,https://tierarztpraxis-am-tierheim.de/,,info@tierarztpraxis-am-tierheim.de,,"Mo-Fr 10:00-20:00; Sa,Su 10:00-17:00; PH 11:00-14:00",,re_ortsteil.1104,Lichtenberg,Falkenberg,52.5743133,13.5465736
node/10946259246,node/10946259246,Praxis für Tierzahnheilkunde,Soorstraße,76,14050,Berlin,,,https://rux.vet/,,,,"""nach Vereinbarung""",Dr. med. vet. Helmut Rux,re_ortsteil.0405,Charlottenburg-Wilmersdorf,Westend,52.5134999,13.2774866
node/10956712577,node/10956712577,Tierarztpraxis Birkenstein  Dr. med. vet H. Fuhrmann und Team,,,,,,,,,,,"Mo-Fr 09:30-11:00, Mo,Tu,Th,Fr 16:30-19:00, Sa 14:00-16:00",,re_ortsteil.1004,Marzahn-Hellersdorf,Mahlsdorf,52.5211838,13.6465809
node/11008683231,node/11008683231,Tierarztpraxis Alt-Buch,Alt-Buch,57,13125,Berlin,+4930 911 42 778,,https://www.tierarztpraxis-alt-buch.de/,,,,"Mo,Fr 09:00-16:00; Tu-Th 09:00-12:00, Tu,Th 16:00-19:00; Sa[1] 10:00-12:00; PH off",Tierärztin Lydia Klemer,re_ortsteil.0309,Pankow,Buch,52.636563,13.5022262
node/11052551506,node/11052551506,Ute Teutenberg,,,,,+49 30 37588910,,,,,,"Mo-Fr 08:00-12:00,15:00-18:00; We 08:00-12:00,17:00-20:00",,re_ortsteil.0508,Spandau,Falkenhagener Feld,52.5507862,13.1685048
node/11101616402,node/11101616402,Tierarzt Bello & Co.,,,,,,,https://belloundco.de/,,,,,,re_ortsteil.0804,Neukölln,Rudow,52.425741,13.4838753
node/11201794003,node/11201794003,Tierarztpraxis Dr. Pollmann,Berliner Straße,17,,,+493081099440,,https://tierarztpraxis-pollmann.de,,,,"Tu, Th 09:00-15:00; We, Fr 13:00-19:00; Sa 11:00-16:00",,re_ortsteil.0604,Steglitz-Zehlendorf,Zehlendorf,52.4361962,13.2660844
node/11313866984,node/11313866984,Dr. Fenina + Burwieck,Manteuffelstraße,74,12103,,+493063314227,,https://meintierarzt.berlin,,,,,,re_ortsteil.0703,Tempelhof-Schöneberg,Tempelhof,52.4678078,13.3783605
node/11345799891,node/11345799891,Rex,,,,,,,https://www.rex.app/,,,,Mo-Fr 08:00-20:00,,re_ortsteil.0201,Friedrichshain-Kreuzberg,Friedrichshain,52.5073508,13.4569833
node/11556295677,node/11556295677,Tierärztliche Gemeinschaftspraxis,Hohenzollerndamm,185,10713,Berlin,,,https://www.tierarztpraxis-berlin.net/,,,,,Antje Stolle-Malorny;Jens Vöster;Dr. med. vet. Iris Vöster,re_ortsteil.0402,Charlottenburg-Wilmersdorf,Wilmersdorf,52.491509,13.3183436
node/11717159971,node/11717159971,Rex Tierarztpraxis,Hermannstraße,227,12049,Berlin,,,,,,,Mo-Sa 08:00-20:00,,re_ortsteil.0801,Neukölln,Neukölln,52.4807206,13.425592
node/11847097396,node/11847097396,Kleintierkardiologie Tempelhof,Burgemeisterstraße,34,12103,Berlin,+49 30 47006869,,https://www.kardiobewegt.berlin/,,,,Mo-Th 08:00-18:00; PH off,Sinah Dohlen,re_ortsteil.0703,Tempelhof-Schöneberg,Tempelhof,52.4583689,13.3734169
node/11985547873,node/11985547873,Tierarztpraxis Kutzner,Zum Kappgraben,13,13125,Berlin,+49 30 94382030,,https://tierarzt-kutzner.de/,,,,"Mo-We,Fr 09:00-12:00,16:30-19:30; Th,Sa 09:00-12:00",,re_ortsteil.0305,Pankow,Karow,52.6164598,13.4890268
node/12108668170,node/12108668170,"Tierarztpraxis - Dr. med. vet. Dirk Emmelmann, Dr. med. vet. Albrecht Fengler",Max-Beer-Straße,7,,,+49 30 2426512,,https://www.augentierarzt-berlin.de,,,,"Mo, Tu, Th, Fr 09:00-12:00, 15:00-19:00; We 15:00-19:00",,re_ortsteil.0101,Mitte,Mitte,52.5251722,13.408013
node/12219145454,node/12219145454,Tierarztpraxis & Katzenbetreuung am Botanischen Garten,Tietzenweg,23,,,+49 30 32294480,,https://www.tierarztpraxis-botanischergarten.de,,,,"Mo, We 10:00-19:00; Tu, Th 08:30-14:00; Sa 10:00-12:00; Fr 10:00-14:00",Daniela Friedrich,re_ortsteil.0602,Steglitz-Zehlendorf,Lichterfelde,52.4456015,13.3020665
node/12238881093,node/12238881093,Janine Bräuer,Krüllsstraße,5,12435,Berlin,,,,,,,"Mo 10:00-12:00,13:00-16:00; Tu 16:00-19:00; We 12:00-17:00; Fr,Sa 10:00-12:00; Th,Su off",Janine Bräuer,re_ortsteil.0901,Treptow-Köpenick,Alt-Treptow,52.4922101,13.447823
node/12793397931,node/12793397931,Tierärztezentrum Birte Nannen,Schlierbacher Weg,5,12349,Berlin,+49 30 25 92 17 88,,https://www.tieraerztezentrum-nannen.de,,,,,,re_ortsteil.0803,Neukölln,Buckow,52.4160917,13.4047411
node/12849196704,node/12849196704,Praxis für Kleine Haustiere Dr. Niels Lösch,,,,,+49309866411,,https://tierarzt-drloesch.de,,,info@tierarzt-drloesch.de,"Mo-We, Fr 10:00-12:00; Mo, Tu, Th 16:00-19:00; Fr 16:00-18:00; Sa 11:00-12:30",,re_ortsteil.1110,Lichtenberg,Alt-Hohenschönhausen,52.5399544,13.4849492
node/12851066023,node/12851066023,Dr. Pastor,Brüsseler Straße,52a,13353,Berlin,,,https://www.tierarztpraxis-pastor.de/,,,,"Mo-Fr 09:00-11:00,16:00-19:00; Sa,Su 14:00-16:00",,re_ortsteil.0105,Mitte,Wedding,52.5486928,13.3531883
node/12877756489,node/12877756489,Sonnenberg,,,,,,,,,,,,,re_ortsteil.0912,Treptow-Köpenick,Rahnsdorf,52.4406394,13.6866147
node/12989186501,node/12989186501,Tierarztpraxis am Wasserturm,Rykestraße,4,10405,,,,https://www.tierarztpraxis-wasserturm.de/,,,,,,re_ortsteil.0301,Pankow,Prenzlauer Berg,52.5350637,13.419688
node/13169469903,node/13169469903,Haveldüne,Gatower Straße,131,,,+49 30 362 91 07,,https://www.tierarztpraxis-havelduene.de,,,,,,re_ortsteil.0509,Spandau,Wilhelmstadt,52.508699,13.180438
node/13188941112,node/13188941112,Praxis für Vögel & Reptilien,Berliner Str.,69,14169,Berlin,+4930 847 257 38,,https://www.vogel-tierarzt.de,,,,"Mo 09:00-13:00; Tu 15:00-19:00; We 09:00-13:00,15:00-19:00; Th 09:00-13:00; Fr 09:00-13:00,15:00-19:00",Dr. Mandy Carnarius,re_ortsteil.0604,Steglitz-Zehlendorf,Zehlendorf,52.4399433,13.2754078
node/13344679483,node/13344679483,Tierartzpraxis Sybille Schickert,,,,,,,,,,,,,re_ortsteil.1209,Reinickendorf,Wittenau,52.5937039,13.3282999
node/13358308355,node/13358308355,Roux,,,,,,,https://www.tierarztpraxis-roux.de/,,,,,,re_ortsteil.0506,Spandau,Kladow,52.452648,13.139175
