geometry,brand,brand:wikidata,brand:wikipedia,check_date,check_date:opening_hours,name,opening_hours,shop,addr:housenumber,addr:street,level,wheelchair,addr:city,addr:country,addr:postcode,addr:suburb,toilets:wheelchair,wheelchair:description,website,pet,phone,email,payment:american_express,payment:coins,payment:mastercard,payment:notes,payment:visa,contact:email,contact:fax,contact:phone,contact:website,note,operator,fax,payment:credit_cards,payment:debit_cards,post_office,post_office:brand,post_office:brand:wikidata,payment:girocard,source,contact:facebook,delivery,description,species:de,addr:inclusion,contact:instagram,ref:vatin,dispensing,opening_hours:covid19,old_name,wikimedia_commons,surveillance,start_date,opening_hours:signed,organic,post_office:ref,post_office:type,url,alt_name,building,roof:shape,building:colour,building:levels,payment:cash,roof:levels,indoor,room,entrance,longitude,latitude,full_address,district,neighborhood,neighborhood_id,district_id
POINT (13.288411 52.4997351),Fressnapf,Q875796,en:Fressnapf,2025-10-29,2025-10-29,Fressnapf,Mo-Fr 09:00-20:00; Sa 09:00-19:00,pet,,,,,,,,,,,,,,,,,,,,,,,,,,,,,,,,,,,,,,,,,,,,,,,,,,,,,,,,,,,,,,13.288411,52.4997351,"Fressnapf, Lützenstraße, Halensee, Charlottenburg-Wilmersdorf, Berlin, 10711, Deutschland",Charlottenburg-Wilmersdorf,Halensee,0407,11004004
POINT (13.3675197 52.5425188),Fressnapf,Q875796,de:Fressnapf,2025-08-28,2025-08-28,Fressnapf,Mo-Fr 09:00-20:00; Sa 09:00-18:00,pet,10-11,Müllerstraße,0,yes,,,,,,,,,,,,,,,,,,,,,,,,,,,,,,,,,,,,,,,,,,,,,,,,,,,,,,,,,,13.3675197,52.5425188,"Fressnapf, 10-11, Müllerstraße, Sprengelkiez, Wedding, Mitte, Berlin, 13353, Deutschland",Mitte,Wedding,0105,11001001
POINT (13.4519634 52.5336145),Fressnapf,Q875796,en:Fressnapf,,,Fressnapf,,pet,128b,Storkower Straße,,limited,Berlin,DE,10407,Prenzlauer Berg,no,Behindertenparkplätze werden dauerhaft als Abstellfläche für Waren genutzt,,,,,,,,,,,,,,,,,,,,,,,,,,,,,,,,,,,,,,,,,,,,,,,,,,,,13.4519634,52.5336145,"Fressnapf, 128b, Storkower Straße, Blumenviertel, Prenzlauer Berg, Pankow, Berlin, 10407, Deutschland",Pankow,Prenzlauer Berg,0301,11003003
POINT (13.3084403 52.4788764),,,,,,Lucas Tierwelt,Mo-Sa 08:00-20:00,pet,95,Forckenbeckstraße,,,Berlin,DE,14199,Schmargendorf,,,https://www.lucas-tierwelt.de/,,,,,,,,,,,,,,,,,,,,,,,,,,,,,,,,,,,,,,,,,,,,,,,,,,,13.3084403,52.4788764,"Lucas Tierwelt, 95, Forckenbeckstraße, Schmargendorf, Charlottenburg-Wilmersdorf, Berlin, 14199, Deutschland",Charlottenburg-Wilmersdorf,Schmargendorf,0403,11004004
POINT (13.4480157 52.4686707),Das Futterhaus,Q1167914,de:Das Futterhaus,,,Das Futterhaus,,pet,,,,,,,,,,,,,,,,,,,,,,,,,,,,,,,,,,,,,,,,,,,,,,,,,,,,,,,,,,,,,,13.4480157,52.4686707,"Das Futterhaus, 52, Lahnstraße, Richardkiez, Neukölln, Berlin, 12055, Deutschland",Neukölln,Neukölln,0801,11008008
POINT (13.326709 52.4907856),,,,,,Natürlich Hund,Tu-Fr 11:00-18:00; Sa 10:00-15:00,pet,57,Nassauische Straße,,,Berlin,DE,10717,Wilmersdorf,,,,dog,,,,,,,,,,,,,,,,,,,,,,,,,,,,,,,,,,,,,,,,,,,,,,,,,,13.326709,52.4907856,"Natürlich Hund, 57, Nassauische Straße, Güntzelkiez, Wilmersdorf, Charlottenburg-Wilmersdorf, Berlin, 10717, Deutschland",Charlottenburg-Wilmersdorf,Wilmersdorf,0402,11004004
POINT (13.3535032 52.5745973),,,,2023-08-15,,Hundesalon,"""nach Vereinbarung (Beschriftung der Öffnungszeiten wurde in Teilen entfernt)""",pet,,,,yes,,,,,,,,,+49 30 81612547,,,,,,,,,,,,,,,,,,,,,,,,,,,,,,,,,,,,,,,,,,,,,,,,,13.3535032,52.5745973,"Hundesalon, 45-46, Alt-Reinickendorf, Reinickendorf, Berlin, 13407, Deutschland",Reinickendorf,Reinickendorf,1201,11012012
POINT (13.6108273 52.540182),Fressnapf,Q875796,de:Fressnapf,,,Fressnapf,Mo-Fr 09:00-20:00; Sa 09:00-18:00; PH off,pet,23-27,Quedlinburger Straße,,yes,Berlin,,12627,,,,https://www.fressnapf.de/stores/fressnapf-berlin-hellersdorf/,,+49 30 99275073,info@fressnapf.de,,,,,,,,,,,,,,,,,,,,,,,,,,,,,,,,,,,,,,,,,,,,,,,,13.6108273,52.540182,"Fressnapf, 23-27, Quedlinburger Straße, Hellersdorfer Graben, Hellersdorf, Marzahn-Hellersdorf, Berlin, 12627, Deutschland",Marzahn-Hellersdorf,Hellersdorf,1005,11010010
POINT (13.2423758 52.4232169),Fressnapf,Q875796,de:Fressnapf,,,Fressnapf,,pet,,,,yes,,,,,,,,,,,no,yes,yes,yes,yes,,,,,,,,,,,,,,,,,,,,,,,,,,,,,,,,,,,,,,,,,,,13.2423758,52.4232169,"Fressnapf, Ludwigsfelder Straße, Zehlendorf, Steglitz-Zehlendorf, Berlin, Teltow, 14165, Deutschland",Steglitz-Zehlendorf,Zehlendorf,0604,11006006
POINT (13.366604 52.5642435),Das Futterhaus,Q1167914,de:Das Futterhaus,,2023-04-24,Das Futterhaus,closed,pet,,,,yes,,,,,,,,,,,,,,,,,,,,,,,,,,,,,,,,,,,,,,,,,,,,,,,,,,,,,,,,,,13.366604,52.5642435,"Das Futterhaus, Pankower Allee, Große Lettekolonie, Reinickendorf, Berlin, 13409, Deutschland",Reinickendorf,Reinickendorf,1201,11012012
POINT (13.1966747 52.5301611),Fressnapf,Q875796,de:Fressnapf,,,Fressnapf,"Mo-Sa 09:00-20:00; Su,PH off",pet,,,,limited,,,,,,,,,,,,,,,,,,,,,,,,,,,,,,,,,,,,,,,,,,,,,,,,,,,,,,,,,,13.1966747,52.5301611,"Fressnapf, 26, Klosterstraße, Georg-Ramin-Siedlung, Spandau, Berlin, 13581, Deutschland",Spandau,Spandau,0501,11005005
POINT (13.3064658 52.5255327),,,,2025-06-26,,Zoo fridolin,"Mo-Fr 09:00-18:00; Sa 09:00-14:00; Su off, PH off",pet,81,Kaiserin-Augusta-Allee,,limited,Berlin,DE,10589,Charlottenburg,,,,,,,,,,,,service@zoofridolin.de,+49 30 3448936,+49 30 3448936,http://www.zoofridolin.de,Geprüft am 27. Dez 2015,Stephan Wulfhorst,,,,,,,,,,,,,,,,,,,,,,,,,,,,,,,,,,,,,13.3064658,52.5255327,"Zoo fridolin, 81, Kaiserin-Augusta-Allee, Kalowswerder, Charlottenburg, Charlottenburg-Wilmersdorf, Berlin, 10589, Deutschland",Charlottenburg-Wilmersdorf,Charlottenburg,0401,11004004
POINT (13.128834 52.5284304),Fressnapf,Q875796,en:Fressnapf,,,Fressnapf,,pet,,,,yes,,,,,,,,,,,,,,,,,,,,,,,,,,,,,,,,,,,,,,,,,,,,,,,,,,,,,,,,,,13.128834,52.5284304,"Fressnapf, Am Zeppelinpark, Siedlung Neu-Jerusalem, Staaken, Spandau, Berlin, 13591, Deutschland",Spandau,Staaken,0504,11005005
POINT (13.3707163 52.5647261),Fressnapf,Q875796,en:Fressnapf,,2025-01-11,Fressnapf,Mo-Fr 09:00-20:00; Sa 09:00-18:00,pet,47,Pankower Allee,,yes,Berlin,DE,13409,Reinickendorf,,,,,+49 30 43724675,,,,,,,,,,,,,,,,,,,,,,,,,,,,,,,,,,,,,,,,,,,,,,,,,13.3707163,52.5647261,"Fressnapf, 47, Pankower Allee, Große Lettekolonie, Reinickendorf, Berlin, 13409, Deutschland",Reinickendorf,Reinickendorf,1201,11012012
POINT (13.55979 52.506351),Das Futterhaus,Q1167914,de:Das Futterhaus,,,Das Futterhaus,,pet,108,Weißenhöher Straße,,yes,Berlin,,12683,,,,,,,,,,,,,,,,,,,,,,,,,,,,,,,,,,,,,,,,,,,,,,,,,,,,,,,13.55979,52.506351,"Das Futterhaus, 108, Weißenhöher Straße, Gut Champignon, Alt-Biesdorf, Biesdorf, Marzahn-Hellersdorf, Berlin, 12683, Deutschland",Marzahn-Hellersdorf,Biesdorf,1002,11010010
POINT (13.4243961 52.4878945),Das Futterhaus,Q1167914,de:Das Futterhaus,,,Das Futterhaus,Mo-Sa 10:00-20:00,pet,10,Hermannplatz,,yes,,,,,,,https://www.futterhaus.de/,,+493061209038,,,,,,,,,,,,,,,,,,,,,,,,,,,,,,,,,,,,,,,,,,,,,,,,,13.4243961,52.4878945,"Das Futterhaus, 10, Hermannplatz, Reuterkiez, Neukölln, Berlin, 10967, Deutschland",Friedrichshain-Kreuzberg,Kreuzberg,0202,11002002
POINT (13.3843777 52.5031233),Fressnapf,Q875796,de:Fressnapf,2024-10-26,2023-10-02,Fressnapf,Mo-Fr 09:00-20:00; Sa 09:00-18:00,pet,68,Stresemannstraße,,yes,Berlin,,10963,,,"Eingang rollstuhlgerecht, Ausgang (momentan) mit Ware sehr zugestellt, keine Toilette.",,,,,,,,,,,,,,,,,,,,,,,,,,,,,,,,,,,,,,,,,,,,,,,,,,,,13.3843777,52.5031233,"Fressnapf, 68, Stresemannstraße, Zeitungsviertel, Kreuzberg, Friedrichshain-Kreuzberg, Berlin, 10963, Deutschland",Friedrichshain-Kreuzberg,Kreuzberg,0202,11002002
POINT (13.3333768 52.5953256),,,,,2024-01-29,Marine Aquarium Senior,Mo-Sa 10:00-18:00,pet,85-86,Oranienburger Straße,0,limited,Berlin,,13437,,,,http://www.marine-aquarium-senior.net,,+49 30 40910702,info@marine-aquarium-senior.net,,,,,,,,,,,,+49 30 40910704,yes,yes,,,,,,,,,,,,,,,,,,,,,,,,,,,,,,,,,,13.3333768,52.5953256,"Marine Aquarium Senior, 85-86, Oranienburger Straße, Alt-Wittenau, Wittenau, Reinickendorf, Berlin, 13437, Deutschland",Reinickendorf,Wittenau,1209,11012012
POINT (13.3422181 52.4689259),,,,,2023-03-18,Steffis Futterkeks,"Mo-Th 09:00-12:00,14:00-18:00; Fr 09:00-12:00,14:00-18:30; Sa 09:00-13:00",pet,63,Cranachstraße,,no,Berlin,DE,12157,Schöneberg,,,,,,,,,,,,,,,,,,,no,no,post_partner,DPD,Q541030,,,,,,,,,,,,,,,,,,,,,,,,,,,,,,,13.3422181,52.4689259,"Steffis Futterkeks, 63, Cranachstraße, Malerviertel, Schöneberg, Tempelhof-Schöneberg, Berlin, 12157, Deutschland",Tempelhof-Schöneberg,Schöneberg,0701,11007007
POINT (13.5072413 52.4992451),Fressnapf,Q875796,en:Fressnapf,,2025-07-14,Fressnapf,Mo-Fr 09:00-20:00; Sa 09:00-19:00,pet,32,Volkradstraße,,yes,Berlin,,10319,,,,https://www.fressnapf.de/stores/fressnapf-berlin-friedrichsfelde/,,+49 30 50018185,,,,,,,,,,,,,,,,,,,,,,,,,,,,,,,,,,,,,,,,,,,,,,,,,13.5072413,52.4992451,"Fressnapf, 32, Volkradstraße, Sewanviertel, Friedrichsfelde, Lichtenberg, Berlin, 10319, Deutschland",Lichtenberg,Friedrichsfelde,1101,11011011
POINT (13.289485 52.6316783),,,,2024-08-10,2024-08-10,BARFER'S,Mo-Fr 10:00-18:00; Sa 09:00-16:00,pet,,,,yes,,,,,,,,,,,,,yes,,yes,,,,,,,,,yes,,,,yes,,,,,,,,,,,,,,,,,,,,,,,,,,,,,,13.289485,52.6316783,"BARFER'S, Welfenallee, Frohnau, Reinickendorf, Berlin, 13465, Deutschland",Reinickendorf,Frohnau,1205,11012012
POINT (13.336112 52.4303841),Das Futterhaus,Q1167914,de:Das Futterhaus,,,Das Futterhaus,Mo-Fr 09:00-19:00; Sa 09:00-18:00,pet,,,,,,,,,,,,,,,,,,,,,,,,,,,,,,,,,,,,,,,,,,,,,,,,,,,,,,,,,,,,,,13.336112,52.4303841,"Das Futterhaus, 17, Kaiser-Wilhelm-Straße, Lankwitz, Steglitz-Zehlendorf, Berlin, Teltow, 12247, Deutschland",Steglitz-Zehlendorf,Lankwitz,0603,11006006
POINT (13.5847722 52.5148667),Das Futterhaus,Q1167914,de:Das Futterhaus,,,Das Futterhaus,Mo-Sa 09:00-20:00,pet,34,Gülzower Straße,,yes,Berlin,,12621,,,,https://www.futterhaus.de/service/filialen/berlin-biesdorf/,,+49 30 85627040,,,,,,,,,,,,,,,,,,,,,,,,,,,,,,,,,,,,,,,,,,,,,,,,,13.5847722,52.5148667,"Das Futterhaus, 34, Gülzower Straße, Kaulsdorf-Nord I, Hellersdorf, Marzahn-Hellersdorf, Berlin, 12621, Deutschland",Marzahn-Hellersdorf,Kaulsdorf,1003,11010010
POINT (13.313977 52.5851788),Fressnapf,Q875796,en:Fressnapf,,,Fressnapf,"Mo-Fr 09:00-20:00, Sa 09:00-18:00",pet,,,,,,,,,,,,,,,,,,,,,,,,,,,,,,,,,,,,,,,,,,,,,,,,,,,,,,,,,,,,,,13.313977,52.5851788,"Fressnapf, Holzhauser Straße, Holzhauser Markt, Borsigwalde, Reinickendorf, Berlin, 13509, Deutschland",Reinickendorf,Borsigwalde,1211,11012012
POINT (13.5093021 52.404655),Fressnapf,Q875796,en:Fressnapf,,,Fressnapf,,pet,,,,yes,,,,,,,https://www.fressnapf.de/stores/fressnapf-berlin/,,,,,,,,,,,,,,Fressnapf,,,,,,,,,,,,,,,,,,,,,,,,,,,,,,,,,,,,,13.5093021,52.404655,"Fressnapf, Waltersdorfer Chaussee, Gartenstadt Rudow – Frauenviertel, Rudow, Neukölln, Berlin, 12355, Deutschland",Neukölln,Rudow,0804,11008008
POINT (13.4870701 52.5561789),Fressnapf,Q875796,de:Fressnapf,,,Fressnapf,,pet,,,,,,,,,,,,,,,,,,,,,,,,,,,,,,,,,,,,,,,,,,,,,,,,,,,,,,,,,,,,,,13.4870701,52.5561789,"Fressnapf, Hansastraße, Weißensee, Pankow, Berlin, 13088, Deutschland",Pankow,Weißensee,0302,11003003
POINT (13.3263566 52.6071687),Das Futterhaus,Q1167914,,,2025-07-16,Das Futterhaus,Mo-Sa 09:00-20:00,pet,6-10,Oraniendamm,,yes,Berlin,DE,13469,Waidmannslust,,,,,,,,,,,,,,,,,,,,,,,,,,,,,,,,,,,,,,,,,,,,,,,,,,,,,,13.3263566,52.6071687,"Das Futterhaus, 6-10, Oraniendamm, Waidmannslust, Reinickendorf, Berlin, 13469, Deutschland",Reinickendorf,Waidmannslust,1207,11012012
POINT (13.3470021 52.4146719),Das Futterhaus,Q1167914,,,,Das Futterhaus,Mo-Sa 09:00-19:00,pet,57-59,Hildburghauser Straße,,,Berlin,DE,12279,Marienfelde,,,,,,,,,,,,,,,,,,,,,,,,,,,,,,,,,,,,,,,,,,,,,,,,,,,,,,13.3470021,52.4146719,"Das Futterhaus, 57-59, Hildburghauser Straße, Großwohnsiedlung Waldsassener Straße, Marienfelde, Tempelhof-Schöneberg, Berlin, Teltow, 12279, Deutschland",Tempelhof-Schöneberg,Marienfelde,0705,11007007
POINT (13.176754 52.5331085),Das Futterhaus,Q1167914,,,,Das Futterhaus,,pet,139,Brunsbütteler Damm,,,Berlin,DE,13581,Spandau,,,,,,,,,,,,,,,,,,,,,,,,,Geoportal Berlin / Hauskoordinaten,,,,,,,,,,,,,,,,,,,,,,,,,,,,,13.176754,52.5331085,"Das Futterhaus, 139, Brunsbütteler Damm, Spandau-West, Spandau, Berlin, 13581, Deutschland",Spandau,Spandau,0501,11005005
POINT (13.3287533 52.4740731),,,,,,Soul Bits,Mo-Fr 12:00-18:00; Sa 10:00-14:00,pet,133,Bundesallee,,no,Berlin,DE,12161,Friedenau,,,https://www.soul-bits.de/,dog,,,,,,,,,,,,,,,,,,,,,,,,,,,,,,,,,,,,,,,,,,,,,,,,,,13.3287533,52.4740731,"Soul Bits, 133, Bundesallee, Wagnerviertel, Friedenauer Höhe, Friedenau, Tempelhof-Schöneberg, Berlin, 12161, Deutschland",Tempelhof-Schöneberg,Friedenau,0702,11007007
POINT (13.4217267 52.5432971),,,,,,Van Loeper,"Mo-Fr 12:00-19:00; Sa 13:00-18:00; Su,PH off",pet,16,Dunckerstraße,,no,Berlin,DE,10437,Prenzlauer Berg,,,,,,,,,,,,,,,https://www.vanloeper.com/,,,,,,,,,,,https://www.facebook.com/VanLoeper/,yes,BARF-Hundenahrung,,,,,,,,,,,,,,,,,,,,,,,,,,13.4217267,52.5432971,"Van Loeper, 16, Dunckerstraße, Göhrener Ei, Prenzlauer Berg, Pankow, Berlin, 10437, Deutschland",Pankow,Prenzlauer Berg,0301,11003003
POINT (13.5878064 52.4419354),Fressnapf,Q875796,,,,Fressnapf,Mo-Fr 09:00-20:00; Sa 09:00-18:00,pet,,,,yes,,,,,,,https://www.fressnapf.de/stores/fressnapf-berlin-koepenick/,,,,,,,,,,,,,,,,,,,,,,,,,,,,,,,,,,,,,,,,,,,,,,,,,,,13.5878064,52.4419354,"Fressnapf, Pablo-Neruda-Straße, Salvador-Allende-Viertel I, Köpenick, Treptow-Köpenick, Berlin, 12559, Deutschland",Treptow-Köpenick,Köpenick,0910,11009009
POINT (13.3261473 52.4470536),,,,,,Garnelen Gümmer,"We, Fr 14:00-19:00; Th, Sa 10:00-19:00",pet,63,Klingsorstraße,,,Berlin,DE,12167,Steglitz,,,,,,,,,,,,,,+4916014 77375,http://www.garnelen-guemmer.de/,,,,,,,,,,,,,Mo./ Di. Abholung nach Absprache,Garnelen,,,,,,,,,,,,,,,,,,,,,,,,,13.3261473,52.4470536,"Garnelen Gümmer, 63, Klingsorstraße, Steglitz, Steglitz-Zehlendorf, Berlin, Teltow, 12167, Deutschland",Steglitz-Zehlendorf,Steglitz,0601,11006006
POINT (13.464873 52.5227409),Fressnapf,Q875796,de:Fressnapf,2025-01-18,2025-01-18,Fressnapf,Mo-Sa 09:00-20:00,pet,40,Hermann-Blankenstein-Straße,,yes,Berlin,DE,10249,Prenzlauer Berg,,,,,,,,,,,,,,,,,,,,,,,,,,,,,,,,,,,,,,,,,,,,,,,,,,,,,,13.464873,52.5227409,"Fressnapf, 40, Hermann-Blankenstein-Straße, Eldenaer Viertel, Prenzlauer Berg, Pankow, Berlin, 10249, Deutschland",Pankow,Prenzlauer Berg,0301,11003003
POINT (13.3403714 52.5545963),,,,2025-07-19,2023-02-20,Alles für's Tier,"Mo-Fr 10:00-18:30, Sa 10:00-14:00",pet,15,Otawistraße,,,Berlin,DE,13351,Wedding,,,,,,,,,,,,,,,,,,,,,,,,,,,,,,actual,,,,,,,,,,,,,,,,,,,,,,,,13.3403714,52.5545963,"Alles für's Tier, 15, Otawistraße, Afrikanisches Viertel, Wedding, Mitte, Berlin, 13351, Deutschland",Mitte,Wedding,0105,11001001
POINT (13.3267806 52.4689615),,,,,,Säbelzahn- und Schnabelbar,"Mo-Fr 11:00-13:00,14:00-18:00; Sa 10:00-13:00",pet,70,Stubenrauchstraße,,no,Berlin,DE,12161,Friedenau,,,https://www.saebelzahn-und-schnabelbar.de/,,+49 30 85967417,,,,,,,,,,,,,,yes,yes,,,,,,https://www.facebook.com/SaebelzahnundSchnabelbar/,,,,,https://www.instagram.com/saebelzahn_und_schnabelbar/,DE205118494,,,,,,,,,,,,,,,,,,,,,,13.3267806,52.4689615,"Säbelzahn- und Schnabelbar, 70, Stubenrauchstraße, Friedenau, Tempelhof-Schöneberg, Berlin, 12161, Deutschland",Tempelhof-Schöneberg,Friedenau,0702,11007007
POINT (13.3408061 52.4509686),,,,,,Alles für das Tier,Mo-Fr 09:00-18:30; Sa 09:00-14:00,pet,29,Steglitzer Damm,,yes,Berlin,DE,12169,Steglitz,,,,,,,,,,,,,,,,,,,,,,,,,,,,,,,,,yes,,,,,,,,,,,,,,,,,,,,,13.3408061,52.4509686,"Sicherheitstechnik Theuer, 29, Steglitzer Damm, Steglitz, Steglitz-Zehlendorf, Berlin, 12169, Deutschland",Steglitz-Zehlendorf,Steglitz,0601,11006006
POINT (13.3373299 52.4542839),,,,2024-08-02,,Antstore - Fachhandel für Ameisen,"Mo-Fr 09:00-12:00,13:00-18:00; Sa[1] 12:00-16:00; PH off",pet,41,Selerweg,,no,Berlin,,12169,Steglitz,,,,,,,,,,,,info@antstore.de,,+49 30 76687051,https://www.antstore.net/,,Martin Sebesta,,,,,,,,,,,,Ameise,,,,,"24/7 closed ""online shop open""",,,,,,,,,,,,,,,,,,,,13.3373299,52.4542839,"Antstore - Fachhandel für Ameisen, 41, Selerweg, Steglitz, Steglitz-Zehlendorf, Berlin, 12169, Deutschland",Steglitz-Zehlendorf,Steglitz,0601,11006006
POINT (13.5000473 52.6309429),Fressnapf,Q875796,de:Fressnapf,,2025-10-20,Fressnapf,Mo-Fr 09:00-20:00; Sa 09:00-18:00,pet,29,Karower Chaussee,,yes,Berlin,DE,13125,Buch,,,https://www.fressnapf.de/stores/fressnapf-berlin-buch/,,+49 3094394267,,,,,,,,,,,,,,,,,,,,,,,,,,,,,,,,,,,,,,,,,,,,,,,,,13.5000473,52.6309429,"Fressnapf, 29, Karower Chaussee, Buch II, Buch, Pankow, Berlin, 13125, Deutschland",Pankow,Buch,0309,11003003
POINT (13.5708713 52.5572397),Fressnapf,Q875796,de:Fressnapf,,,Fressnapf,Mo-Fr 09:00-20:00; Sa 09:00-18:00,pet,9,Oberweißbacher Straße,,limited,Berlin,,12687,,,,,,,,,,,,,,,,,,,,,,,,,,,,,,,,,,,,,,,,,,,,,,,,,,,,,,,13.5708713,52.5572397,"Fressnapf, 9, Oberweißbacher Straße, Quartier Oberweißbacher Straße, Marzahn, Marzahn-Hellersdorf, Berlin, 12687, Deutschland",Marzahn-Hellersdorf,Marzahn,1001,11010010
POINT (13.4662319 52.5614218),Das Futterhaus,Q1167914,,,,Das Futterhaus,,pet,261,Berliner Allee,,,Berlin,,13088,,,,,,,,,,,,,,,,,,,,,,,,,,,,,,,,,,,,OBETA,,,,,,,,,,,,,,,,,,,13.4662319,52.5614218,"Das Futterhaus, 261, Berliner Allee, Weißensee, Pankow, Berlin, 13088, Deutschland",Pankow,Weißensee,0302,11003003
POINT (13.465542 52.509616),,,,,2025-10-27,Bones for Dogs,"Tu,We,Fr 11:00-18:00; Th 12:00-18:00; Sa 11:00-15:00",pet,,,,no,,,,,,,http://www.bonesfordogs.de/,,,,,,,,,,,,,,,,,,,,,,,,,"raw food, BARF, for dogs",,,,,,,,File:Bones for dogs.jpg,,,,,,,,,,,,,,,,,,13.465542,52.509616,"Bones for Dogs, Glatzer Straße, Boxhagener Kiez, Friedrichshain, Friedrichshain-Kreuzberg, Berlin, 10247, Deutschland",Friedrichshain-Kreuzberg,Friedrichshain,0201,11002002
POINT (13.2887329 52.418628),Fressnapf,Q875796,en:Fressnapf,,,Fressnapf,,pet,,,,yes,,,,,,,,,,,,,,,,,,,,,,,,,,,,,,,,,,,,,,,,,,,,,,,,,,,,,,,,,,13.2887329,52.418628,"Fressnapf, Goerzallee, Lichterfelde West, Lichterfelde, Steglitz-Zehlendorf, Berlin, 14167, Deutschland",Steglitz-Zehlendorf,Lichterfelde,0602,11006006
POINT (13.3962122 52.5322313),,,,,,Kiezhund,Mo-Fr 10:00-18:30; Sa 12:00-18:00,pet,154,Invalidenstraße,,yes,Berlin,DE,10115,Mitte,,,,dog,,,,,,,,,,,https://kiezhund.de,,,,,,,,,,,,,,,,,,,,,,,,,,,,,,,,,,,,,,,13.3962122,52.5322313,"Kiezhund, 154, Invalidenstraße, Rosenthaler Vorstadt, Mitte, Berlin, 10115, Deutschland",Mitte,Mitte,0101,11001001
POINT (13.203764 52.5444786),,,,,,Zoohaus Fröhlich,"Mo,We,Fr,Sa 08:00-13:00, Mo,We,Fr 15:00-18:00; Tu,Th,Su,PH off",pet,,,,limited,,,,,,,,,,,,,,,,,,,,,,,,,,,,,,,,,,,,,,,,,,,,,,,,,,,,,,,,,,13.203764,52.5444786,"Zoohaus Fröhlich, Falkenhagener Straße, Neustadt, Spandau, Berlin, 13585, Deutschland",Spandau,Spandau,0501,11005005
POINT (13.5717547 52.5433492),,,,,,Barfhaus Marzahn-Hellersdorf,"Tu-Fr 11:00-13:00,15:00-18:00; Sa 11:00-13:00; Mo off",pet,3,Zinndorfer Straße,,,Berlin,DE,12685,Marzahn,,,http://www.barfhaus-berlin.de/,,,,,,,,,,,,,,,,,,,,,,Geoportal Berlin / Hauskoordinaten,,,,,,,,,,,,,,,,,,,,,,,,,,,,,13.5717547,52.5433492,"Barfhaus Marzahn-Hellersdorf, 3, Zinndorfer Straße, Wohngebiet Landsberger Tor, Marzahn, Marzahn-Hellersdorf, Berlin, 12685, Deutschland",Marzahn-Hellersdorf,Marzahn,1001,11010010
POINT (13.4315402 52.5511155),Fressnapf,Q875796,en:Fressnapf,,2024-03-26,Fressnapf,Mo-Sa 09:00-20:00,pet,5,Ostseestraße,,yes,Berlin,,10409,,,,https://www.fressnapf.de/stores/fressnapf-berlin-ostseestrasse/,,,,,,,,,,,,,,,,,,,,,,,,,,,,,,,,,,,,,,,,,,,,,,,,,,,13.4315402,52.5511155,"Fressnapf, 5, Ostseestraße, Wohnstadt Carl Legien, Prenzlauer Berg, Pankow, Berlin, 10409, Deutschland",Pankow,Prenzlauer Berg,0301,11003003
POINT (13.5020466 52.5107073),,,,2025-09-06,,Hundeatelier Josephine,Mo-Fr 08:00-20:00,pet,268,Frankfurter Allee,,,Berlin,,10317,,,,https://www.hundeatelier-josephine.de/,,+49 30 5294186,,,,,,,,,,,,,,,,,,,,,,,,,,,,,,,,,,,,,,,,,,,,,,,,,13.5020466,52.5107073,"Hundeatelier Josephine, 268, Frankfurter Allee, Weitlingkiez, Rummelsburg, Lichtenberg, Berlin, 10317, Deutschland",Lichtenberg,Rummelsburg,1112,11011011
POINT (13.31755 52.5078647),,,,2023-07-01,,Society Dog,Mo-Fr 12:00-19:00; Sa 11:00-16:00,pet,,,0,no,,,,,,,https://www.societydog.de/,,,,,,yes,,yes,,,,,,,,,,,,,,,,,,,,,,,,,,indoor,,,,,,,,,,,,,,,,,13.31755,52.5078647,"Society Dog, Schlüterstraße, Charlottenburg, Charlottenburg-Wilmersdorf, Berlin, 10625, Deutschland",Charlottenburg-Wilmersdorf,Charlottenburg,0401,11004004
POINT (13.2933502 52.5904953),,,,,,Blori's Zoofachhandel,,pet,,,,,,,,,,,https://blori.de/,,,,,,,,,,,,,,,,,,,,,,,,,,,,,,,,,,,,,,,,,,,,,,,,,,,13.2933502,52.5904953,"Blori's Zoofachhandel, Gorkistraße, Kleinhaussiedlung am Steinberg, Tegel, Reinickendorf, Berlin, 13509, Deutschland",Reinickendorf,Tegel,1202,11012012
POINT (13.3217397 52.565423),BARF Hundefutter,,,,2024-04-25,Barfer's Wellfood GmbH,Tu-Fr 10:00-18:00; Sa 09:00-16:00,pet,117,Scharnweberstraße,,,Berlin,,13405,,,,https://www.barfers-wellfood.de,,+49 30 92 35 18 46,info@barfers.com,,,,,,,,,,,,,,,,,,,,,,,,,,,,,,,,,,,,,,,,,,,,,,,,13.3217397,52.565423,"Barfer's Wellfood GmbH, 117, Scharnweberstraße, Cité Berthezène, Reinickendorf, Berlin, 13405, Deutschland",Reinickendorf,Reinickendorf,1201,11012012
POINT (13.6247595 52.4489694),,,,,,Vierbein,"Tu 12:00-18:00; We 15:00-18:00; Th,Fr 12:00-18:00; Sa 10:00-13:00",pet,17,Bölschestraße,,,Berlin,DE,12587,Friedrichshagen,,,,,,,,,,,,,,,,,,,,,,,,,,,,,,,,,,,,,,,,,,,,,,,,,,,,,,13.6247595,52.4489694,"Vierbein, 17, Bölschestraße, Friedrichshagen, Treptow-Köpenick, Berlin, 12587, Deutschland",Treptow-Köpenick,Friedrichshagen,0911,11009009
POINT (13.3940642 52.4263339),Fressnapf,Q875796,de:Fressnapf,,2024-10-17,Fressnapf,Mo-Fr 09:00-20:00; Sa 09:00-18:00,pet,294,Mariendorfer Damm,,yes,Berlin,DE,12107,Mariendorf,,,,,,,,,,,,,,,,,,,,,,,,,,,,,,,,,,,,,,,,,,,,,,,,,,,,,,13.3940642,52.4263339,"Fressnapf, 294, Mariendorfer Damm, Siedlung Daheim, Mariendorf, Tempelhof-Schöneberg, Berlin, 12107, Deutschland",Tempelhof-Schöneberg,Mariendorf,0704,11007007
POINT (13.3272413 52.4578801),,,,,2024-01-13,4 Pfoten-Feinkost,"Mo,Tu,Th,Fr 10:00-13:00,15:00-18:30; Sa 10:00-14:00",pet,2,Bergstraße,,no,Berlin,DE,12169,Steglitz,,,,,,,,,,,,,,,http://4-pfoten-feinkost.de/,,,,,,,,,,,,,,,,,,,,,,,,,,,,,,,,,,,,,,,13.3272413,52.4578801,"4 Pfoten-Feinkost, 2, Bergstraße, Bismarckviertel, Steglitz, Steglitz-Zehlendorf, Berlin, 12169, Deutschland",Steglitz-Zehlendorf,Steglitz,0601,11006006
POINT (13.304654 52.5086957),Das Futterhaus,Q1167914,de:Das Futterhaus,2025-07-11,,Das Futterhaus,,pet,,Wilmersdorfer Straße,1,,Berlin,,,,,,,,,,,,,,,,,,,,,,,,,,,,,,,,,,,,,,,,,2019-07-05,,,,,,,,,,,,,,,,13.304654,52.5086957,"Das Futterhaus, Wilmersdorfer Straße, Charlottenburg, Charlottenburg-Wilmersdorf, Berlin, 10627, Deutschland",Charlottenburg-Wilmersdorf,Charlottenburg,0401,11004004
POINT (13.4357555 52.5352301),,,,,,Schmackofatz Berlin Barf-Manufaktur,"Mo,Tu,Th,Fr 10:00-18:00; Sa 10:00-15:00; We 11:00-20:00",pet,135,Danziger Straße,,limited,Berlin,,10407,,,,https://schmackofatz-berlin.de/,,,,,,,,,,,,,,,,,,,,,,,,,,,,,,,,,,,,,,,,,,,,,,,,,,,13.4357555,52.5352301,"Schmackofatz Berlin Barf-Manufaktur, 135, Danziger Straße, Grüne Stadt, Prenzlauer Berg, Pankow, Berlin, 10407, Deutschland",Pankow,Prenzlauer Berg,0301,11003003
POINT (13.4608156 52.5074751),,,,,2025-09-04,Kiez Hund,Mo-Fr 10:00-18:30; Sa 12:00-18:00,pet,29,Simplonstraße,,no,Berlin,DE,10245,Friedrichshain,,,,,,,,,,,,,,,,,,,,,,,,,,,,,,,,,,,,,,,,,,,,,,,,,,,,,,13.4608156,52.5074751,"Kiez Hund, 29, Simplonstraße, Boxhagener Kiez, Friedrichshain, Friedrichshain-Kreuzberg, Berlin, 10245, Deutschland",Friedrichshain-Kreuzberg,Friedrichshain,0201,11002002
POINT (13.5185174 52.5263876),Fressnapf,Q875796,de:Fressnapf,,,Fressnapf,,pet,,,,,,,,,,,,,,,,,,,,,,,,Ab 2.Januar 2020,,,,,,,,,,,,,,,,,,,,,,,,,,,,,,,,,,,,,,13.5185174,52.5263876,"Fressnapf, Allee der Kosmonauten, Lichtenberg, Berlin, 10315, Deutschland",Lichtenberg,Lichtenberg,1103,11011011
POINT (13.4303255 52.5342436),,,,,2025-03-10,Strayz,,pet,198,Greifswalder Straße,,,Berlin,DE,10405,Prenzlauer Berg,,,,,,,,,,,,,,,,,,,,,,,,,,,,,,,,,,,,,,,no,,,,,,,,,,,,,,,13.4303255,52.5342436,"Strayz, 198, Greifswalder Straße, Winsviertel, Prenzlauer Berg, Pankow, Berlin, 10405, Deutschland",Pankow,Prenzlauer Berg,0301,11003003
POINT (13.3135111 52.4224122),Fressnapf,Q875796,en:Fressnapf,,,Fressnapf,Mo-Fr 09:00-20:00; Sa 09:00-18:00,pet,,,,,,,,,,,,,,,,,,,,,,,,,,,,,,,,,,,,,,,,,,,,,,,,,,,,,,,,,,,,,,13.3135111,52.4224122,"Fressnapf, 137, Ostpreußendamm, Giesensdorf, Lichterfelde Ost, Lichterfelde, Steglitz-Zehlendorf, Berlin, Teltow, 12207, Deutschland",Steglitz-Zehlendorf,Lichterfelde,0602,11006006
POINT (13.21616 52.5598179),,,,,2024-05-23,Barfer's Wellfood,Mo-Fr 10:00-18:00; Sa 09:00-16:00,pet,,,,yes,,,,,,,https://www.barfers-wellfood.de/barf-berlin-spandau,,+49 30 586198818,,,,,,,,,,,,Barfer's Wellfood GmbH,,,,,,,,,,,,,,,,,,,,,,,,,,,,,,,,,,,,,13.21616,52.5598179,"Barfer's Wellfood, 20, Rauchstraße, Maselake Nord, Hakenfelde, Spandau, Berlin, 13587, Deutschland",Spandau,Hakenfelde,0507,11005005
POINT (13.3535702 52.4971354),,,,2025-09-22,,Pets Deli,Mo-Fr 10:00-20:00; Sa 10:00-19:00; Su off,pet,,,,no,,,,,,,,,,,,,,,,,,,,,,,,,,,,,,,,,,,,,,,,,,,,,,,,,,,,,,,,,,13.3535702,52.4971354,"Pets Deli, Winterfeldtstraße, Winterfeldtkiez, Nollendorfkiez, Schöneberg, Tempelhof-Schöneberg, Berlin, 10781, Deutschland",Tempelhof-Schöneberg,Schöneberg,0701,11007007
POINT (13.322874 52.4746151),,,,,2023-09-23,Seewasser-Center,"Mo,We-Fr 12:00-18:00; Sa 10:00-14:00",pet,11a,Südwestkorso,,no,Berlin,DE,12161,Friedenau,,,,fish,+49 30 8219614,,,,,,,,,,http://www.berliner-seewasser-center.de/,,,,,,,,,,,https://www.facebook.com/people/Berliner-Seewasser-Center/100047033745415/,,,,,,,,,,,,,,,,,,,,,,,,,,,,13.322874,52.4746151,"Seewasser-Center, 11a, Südwestkorso, Friedenau, Tempelhof-Schöneberg, Berlin, 12161, Deutschland",Tempelhof-Schöneberg,Friedenau,0702,11007007
POINT (13.3337775 52.4875612),,,,2025-09-20,,Natural & B.A.R.F.ood,"Mo,Tu,Th,Fr 10:00-19:00; We 14:00-19:00; Sa 10:00-19:00",pet,159,Berliner Straße,,no,Berlin,DE,10715,Wilmersdorf,,,http://natural-barfood.de/,dog,,,,,,,,,,,,,,,,,,,,,,,,Biologisch Artgerechtes Futter,,,,,,,,,,,,yes,,,,,,,,,,,,,,13.3337775,52.4875612,"Natural & B.A.R.F.ood, 159, Berliner Straße, Güntzelkiez, Wilmersdorf, Charlottenburg-Wilmersdorf, Berlin, 10715, Deutschland",Charlottenburg-Wilmersdorf,Wilmersdorf,0402,11004004
POINT (13.2882529 52.6331459),,,,,2024-08-10,Heidingsfelder Tierkost,"Mo,Tu,Th-Sa 09:00-13:00, Tu,Th,Fr 15:00-18:00; Su off",pet,2,Ludolfingerplatz,,no,Berlin,DE,13465,Frohnau,,,,,,,,,,,,Heidinhsfelder-Tierkost@web.de,,+4930 4011290,https://www.heidingsfelder-tierkost.de/,,,,yes,yes,,,,,,,,,,,,,,,,,,,,,,,,,,,,,,,,,,13.2882529,52.6331459,"Heidingsfelder Tierkost, 2, Ludolfingerplatz, Frohnau, Reinickendorf, Berlin, 13465, Deutschland",Reinickendorf,Frohnau,1205,11012012
POINT (13.4857198 52.4235538),,,,,,Zoopalästchen,Mo-Fr 10:00-18:00; Sa 09:00-14:00,pet,282,Neuköllner Straße,,,Berlin,DE,12357,Rudow,,,,,,,,,,,,,,,http://zoopalaestchen.de/index.html,,,,,,yes,DHL,,,,,,,,,,,,,,,,,,,469,post_partner,,,,,,,,,,,,13.4857198,52.4235538,"Zoopalästchen, 282, Neuköllner Straße, Rudow, Neukölln, Berlin, 12357, Deutschland",Neukölln,Rudow,0804,11008008
POINT (13.4883897 52.4209253),,,,,,Barfer Quelle,Tu-We 10:00-18:00; Fr 10:00-19:00; Sa 10:00-14:00,pet,,,,,,,,,,,,,,,,,,,,,,,,,,,,,,,,,,,,,,,,,,,,,,,,,,,,,,,,,,,,,,13.4883897,52.4209253,"Barfer Quelle, Neuköllner Straße, Blumenviertel, Rudow, Neukölln, Berlin, 12357, Deutschland",Neukölln,Rudow,0804,11008008
POINT (13.3267438 52.5759496),Das Futterhaus,Q1167914,de:Das Futterhaus,,,Das Futterhaus,Mo-Fr 09:00-20:00; Sa 09:00-19:00,pet,,,,yes,,,,,,,https://www.zooundco24.de,,+49 30 8321018 1,reinickendorf@zooundco-berlin.de,,,,,,,,,,,Futterhaus,+49 30 8321018 2,,,,,,,,,,,,,,,,,,,,,,,,,,,,,,,,,,,,13.3267438,52.5759496,"Das Futterhaus, Waldstraße, Reinickendorf, Berlin, 13403, Deutschland",Reinickendorf,Reinickendorf,1201,11012012
POINT (13.4306805 52.6078654),Das Futterhaus,Q1167914,,,,Das Futterhaus,Mo-Fr 09:00-20:00; Sa 09:00-19:00,pet,,,,,,,,,,,,,,,,,,,,,,,,,,,,,,,,,,,,,,,,,,,,,,,,,,,,,,,,,,,,,,13.4306805,52.6078654,"Das Futterhaus, Mühlenstraße, Buchholz-West, Französisch Buchholz, Pankow, Berlin, 13127, Deutschland",Pankow,Französisch Buchholz,0310,11003003
POINT (13.2285165 52.555534),,,,,,Premium Aquarium Berlin,,pet,,,,,,,,,,,,,,,,,,,,,,,,,,,,,,,,,,,,,,,,,,,,,,,,,,,,,,,,,,,,,,13.2285165,52.555534,"Premium Aquarium Berlin, Wittweseeweg, Quartier Haveleck, Haselhorst, Spandau, Berlin, 13599, Deutschland",Spandau,Haselhorst,0502,11005005
POINT (13.3486131 52.5750167),,,,,2025-02-09,Repti-Jungle,Th 14:00-17:00; Sa 10:00-13:00,pet,30a,Alt-Reinickendorf,,no,Berlin,DE,13407,Reinickendorf,,,,reptile,,,,,,,,,,,,,,,,,,,,,,https://www.facebook.com/ReptiJungle/,,,,,,,,,,,,,,,,,,,,,,,,,,,,13.3486131,52.5750167,"Repti-Jungle, 30a, Alt-Reinickendorf, Reinickendorf, Berlin, 13407, Deutschland",Reinickendorf,Reinickendorf,1201,11012012
POINT (13.4866603 52.6181816),,,,,,Für Berliner Schnauzen,Mo-Fr 10:00-17:00,pet,50,Achillesstraße,0,yes,Berlin,,13125,,,,,dog,+49179 1996200,,,,,,,,,,,,,,,,,,,,,,,,,,,,,,,,,,,,,,,,,,,,,,,,,13.4866603,52.6181816,"Für Berliner Schnauzen, 50, Achillesstraße, Karow-Nord, Karow, Pankow, Berlin, 13125, Deutschland",Pankow,Karow,0305,11003003
POINT (13.3538099 52.4932408),,,,,,Bionapf,Tu-Fr 13:00-19:00; Sa 11:00-15:00,pet,,,,no,,,,,,,,dog;cat,,,,,,,,,,+49 30 23639931,http://www.bionapf.de,,,,,,,,,,,,,,,,,,,,,,,2000,,,,,,,,,,,,,,,,13.3538099,52.4932408,"Bionapf, Goltzstraße, Winterfeldtkiez, Nollendorfkiez, Schöneberg, Tempelhof-Schöneberg, Berlin, 10781, Deutschland",Tempelhof-Schöneberg,Schöneberg,0701,11007007
POINT (13.3014635 52.5227208),,,,2022-11-12,,Fatzke's Tierfutter,Mo-Fr 16:00-19:00; Sa 11:00-13:00,pet,10,Mierendorffstraße,0,yes,Berlin,,10589,Charlottenburg,,,,,+49 177 4219740,cafe.fatzke@gmail.com,,,yes,,yes,,,,,,,,,,,,,,,,,,,,,,,,,,,,,,,,,,,,,,,,,,,13.3014635,52.5227208,"Fatzke's Tierfutter, 10, Mierendorffstraße, Kalowswerder, Charlottenburg, Charlottenburg-Wilmersdorf, Berlin, 10589, Deutschland",Charlottenburg-Wilmersdorf,Charlottenburg,0401,11004004
POINT (13.4318149 52.4603245),,,,,,B.A.R.F. Tierfutterkrippe,"We,Fr 10:00-18:00; Th 10:00-20:00; Sa 10:00-13:00; Mo,Tu off",pet,23,Germaniapromenade,,no,,,12347,,,,https://www.barf-tierfutterkrippe.de/,,,,,,,,,,,,,,,,yes,yes,,,,,,,,,,,,,,,,,,,,,,,,,,,,,,,,,,13.4318149,52.4603245,"B.A.R.F. Tierfutterkrippe, 23, Germaniapromenade, Siedlung der Düfte, Britz, Neukölln, Berlin, 12347, Deutschland",Neukölln,Britz,0802,11008008
POINT (13.4623137 52.5237681),Das Futterhaus,Q1167914,,,,Das Futterhaus,Mo-Sa 09:00-20:00,pet,38,Hermann-Blankenstein-Straße,,yes,Berlin,DE,10249,,,,,,,,,,,,,,,,,,,,,,,,,,,,,,,,,,,,,,,,,,,,https://www.futterhaus.de/service/filialen/berlin-prenzlauer-berg/?utm_source=google&utm_medium=mybusiness,,,,,,,,,,,13.4623137,52.5237681,"Das Futterhaus, 38, Hermann-Blankenstein-Straße, Eldenaer Viertel, Prenzlauer Berg, Pankow, Berlin, 10249, Deutschland",Pankow,Prenzlauer Berg,0301,11003003
POINT (13.2084401 52.5579621),,,,,,Carinas Tierparadies & Angelshop,,pet,,,,yes,,,,,,,,,,,,,,,,,,,,,,,,,,,,,,,,,,,,,,,,,,,,,,,,,,,,,,,,,,13.2084401,52.5579621,"Carinas Tierparadies & Angelshop, Marius-Carpentier-Straße, Havelufer-Quartier, Maselake-Zentrum, Hakenfelde, Spandau, Berlin, 13587, Deutschland",Spandau,Hakenfelde,0507,11005005
POINT (13.2905283 52.5812691),,,,,,AF Sea World,"Tu-Fr 12:00-19:00; Sa 10:00-14:00; Mo,Su,PH off",pet,39,Berliner Straße,,,Berlin,DE,13507,,,,,fish,,,,,,,,,,+49 30 4351133,https://www.afseaworld.de/,,,,,,,,,,,https://www.facebook.com/AF-Seaworld-1629709763969406/,,,,,,,,,,,,,,,,,,AF Seaworld,,,,,,,,,,13.2905283,52.5812691,"AF Sea World, 39, Berliner Straße, Tegel, Reinickendorf, Berlin, 13507, Deutschland",Reinickendorf,Tegel,1202,11012012
POINT (13.4822003 52.4618173),,,,,,Hopy's Futtertheke,Tu-Th 11:00-19:00,pet,,,,yes,,,,,,,,,,,,,,,,,,,,,,,,,,,,,,,,,,,,,,,,,,,,,,,,,,,,,,,,,,13.4822003,52.4618173,"Hopy's Futtertheke, Baumschulenstraße, Baumschulenweg, Treptow-Köpenick, Berlin, 12437, Deutschland",Treptow-Köpenick,Baumschulenweg,0903,11009009
POINT (13.4198768 52.535285),,,,2024-09-26,,Pets Deli,Mo-Fr 10:00-20:00; Sa 10:00-19:00,pet,6,Rykestraße,,,,,10405,,,,https://www.petsdeli.de,,+49 30 62963446,,,,,,,,,,,,,,,,,,,,,,,,,,,,,,,,,,,,,,,,,,,,,,,,,13.4198768,52.535285,"Pets Deli, 6, Rykestraße, Kollwitzkiez, Prenzlauer Berg, Pankow, Berlin, 10405, Deutschland",Pankow,Prenzlauer Berg,0301,11003003
POINT (13.3322563 52.6026766),Fressnapf,Q875796,,,,Fressnapf,Mo-Fr 09:00-20:00; Sa 09:00-18:00,pet,,,,yes,,,,,,,,,,,,,,,,,,+49 30 519998130,https://www.fressnapf.de/stores/fressnapf-berlin-wittenau/,,,,,,,,,,,,,,,,,,,,,,,,,,,,,,,,,,,,,,,13.3322563,52.6026766,"Fressnapf, Wittenauer Straße, Wittenau, Reinickendorf, Berlin, 13435, Deutschland",Reinickendorf,Wittenau,1209,11012012
POINT (13.3200231 52.506792),,,,,,Gordi,,pet,,,,,,,,,,,,,,,,,,,,,,,,,,,,,,,,,,,,,,,,,,,,,,,,,,,,,,,,,,,,,,13.3200231,52.506792,"Gordi, Bleibtreustraße, Charlottenburg, Charlottenburg-Wilmersdorf, Berlin, 10623, Deutschland",Charlottenburg-Wilmersdorf,Charlottenburg,0401,11004004
